	playlist	user
0	Asala	nanoca
1	Ambient piano	Agamidae
2	Artists to Watch	Playback
3	Artists To Watch 2019	Playback
4	ahmed	Ahmed Mado
5	amr	RÃ¶ RÃ¶
6	amr diab	Moataz Magdy
7	A7med kamel	boody
8	Alejo	Alejo Etcheverry
9	Ana	Nosa Nonos
10	Amber is my BFF	user141472899
11	Arijit Singh	Erianti Dwifa
12	anime???	User 876156299
13	Alpha EP	Built By Titan
14	aquelas??â¤â¤????	Maria Eduarda
15	Album Assala Nasri - 60 De2e2a Hayah - 2015 _ Ø§Ù„Ø¨ÙˆÙ… Ø§ØµØ§Ù„Ø© Ù†ØµØ±Ù‰ - 60 Ø¯Ù‚ÙŠÙ‚Ø© Ø­ÙŠØ§Ø© - Ù†Ø³Ø®Ø© Ø§ØµÙ„ÙŠØ©	FM Playlist âœª
16	Alex Horne Breaks the News	AlexHorne BreaksTheNews
17	Album Tamer Ashour - 3esht Ma3ak Hekayat - 2014 _Ø§Ù„Ø¨ÙˆÙ… ØªØ§Ù…Ø± Ø¹Ø§Ø´ÙˆØ± - Ø¹Ø´Øª Ù…Ø¹Ø§Ùƒ Ø­ÙƒØ§ÙŠØ§Øª - Ù†Ø³Ø®Ø© Ø§ØµÙ„ÙŠØ©	FM Playlist âœª
18	A	Ahmed Hashim
19	All Of The Tunege â„–11	Stainesy_Ray
20	Billies Sleep Sounds	Billie Kihega
21	bb2	Mohamed Bebeto
22	bdroom jass	Amro Atef Soliman
23	Blues	joaopaulo1989
24	Bob Bulder favorites	Bob Bulder
25	bbylon	RAIN PERFECT WUV
26	B	User 839046869
27	Brian's House with Brian Haner	Brian's House
28	BodyBuilding/Workout  Motivation #4	Smiletio
29	Blood walk	MIKEYYG213
30	Black Sabbath	User 975451601
31	Built By Titan	Built By Titan
32	BEST SONGS OF 2014	3sUP
33	Bathing	shornie284
34	BTS	Camiila Vergara
35	Best #Number 1 Workout Playlist--#2	PartyYoniMonsta
36	bangerz	Matt Riley
37	blues	Kelly
38	Becca	mom
39	Big Bootie Mix 11	Scotty Theriot
40	Chill Mix(High On Chill)	LukasM
41	Chillax Mood	J e z i k a â™¡
42	CHILL VIBES	3sUP
43	Christmas	BTS
44	cosy night autumn	lolovvveee2
45	Chill Out 2018	Thiago Silva 365
46	coctail	S
47	CHILL STUDY VIBES	alkhaw
48	Complete Spanish	Language Transfer
49	Chill MIx (High On Chill)	JAT
50	com.	sara ahmed
51	Car	Usef Ashraf
52	campuran	Wawan Hermawan
53	"Cassie - ""All Gold, All Girls"""	Bad Boy Entertainment
54	Country Music: A Film By Ken Burns (The Soundtrack)	Legacy Recordings
55	concentrating classic	lolovvveee2
56	certanejo	Diogo Oliveira
57	C	user463279684
58	Create mode	oftherose2
59	Caca Boud1	PRIME
60	diab adem	islam
61	Dave Holland Prism	Cathy Morgan 4
62	dangdut	Ghenta Thea
63	DJ PATHWAYS REMIXS AND SONG	User 449735795
64	Dawn of Winter 2015	Best Indie Playlists
65	dvffdhb	User 909631641
66	dream	HMirandaneras
67	Damn <3	derrian annan 1
68	Diplo's Summer Playlist	nickrobinsearly
69	DJThat'sWhat'sUp	Jared Dorsey 1
70	Dominican_Swagg	Romeo Lopez 12
71	Dubstep	Alle93
72	darkness	Fairfax
73	Daz	Daryl Huxley
74	Destiny's Child - Bug A Boo (George Mensah Lockdown Dub [Snippet] FREE DOWNLOAD	George Mensah
75	Dear Tupac, You Are Appreciated (Happy Bornday)	First Ear
76	dj c- lo	julani onativia
77	DOUBLE TAP TO THIS	assassin-ball-player3
78	discioo	user72609725
79	Disrespectful $hit	CedrÃ­k
80	elissa	Ramez Adel
81	English	Jasil sha
82	El alfa	Rosianny Paz
83	Ejmi.Namirik	Ejmi Namirik
84	Ella Eyre Hunger Playlist	Ella Eyre
85	Entire Rev. Bob Brown installation service from June 19, 2011	TriCon Sound
86	EDM xXx	user350509423
87	Edm	Courtney Mccann
88	ETHER	B.o.B
89	EFC: Volume 12, 2017	Electric Flight Crew
90	EFC: Volume 20, 2017	Electric Flight Crew
91	Earl Sweatshirt - Earl	OFWGKTA Official
92	english	Malak Mohammed shalaby
93	Every XXXTentacion song	SKYN
94	Electro PosÃ© l Best Of March 2016	Electro PosÃ©
95	EFC: Volume 21, 2017	Electric Flight Crew
96	EMO EVERYTHINGGG - part 3	RenRelentless
97	Epic rap battles of history	Equonoux IAG
98	Ellie Goulding x Noah Breakfast	neongoldrecords
99	EMO EVERYTHINGGG - part 2	RenRelentless
100	favorite	Abdul Salam
101	fairuz <3	Omar Arram
102	Feduk	mia1502
103	favoritos	Guillermo Ramirez 25
104	fÃ¼hl's xD	Radio_girl
105	Filling	user968372537
106	For Those Scottish Times	Tyler Kier
107	Firouz Morning Coffee - Ù‚Ù‡ÙˆØ© ÙÙŠØ±ÙˆØ² Ø§Ù„ØµØ¨Ø§Ø­ÙŠØ©	N8M5S
108	fff	ellora
109	fayrouz	Emad
110	funk	vihpinheiroo
111	Fast Track	SoundCloud
112	feelings??	User 484955054
113	Featured Tracks on The Artist Union	theartistunion.com
114	FlexB & Qwez - Marter (AUExclusive No. 9)	theartistunion.com
115	funk	Lu Cardoso
116	FractaLL & Adriann - Classic (AUExclusive No.3)	theartistunion.com
117	Feeett	terjos
118	Fiesta	Rocio Llanos
119	from 'The Legend of Korra'	Jeremy Zuckerman
120	Gentle Dreams ğŸ›ï¸ - An Indie/Chill/Electronic Playlist	alexrainbirdMusic
121	gg	migz
122	Gregory Porter - Take Me To The Alley	bluenoterecords
123	GLITCHED LOVE	Blanc de Noir
124	GET YO SPRING ON	The Almost 30 Podcast
125	Gustami	delelqui
126	gerv list	user243307182
127	Getting ready	Ninu.Kahlon
128	game time	PÍLÍAÍYÍ6ÍOÍIÍ
129	GRAPHIQUA	user292633457
130	Ghetto Gospel	Rod Wave
131	green day	Emmanuel Piolet
132	God is good!	user653013493
133	Geezy	novoarc
134	Gym Hypes	Mango4sp
135	Games	Radiolab
136	Gilles Peterson's Lost Tape Connection	gillespeterson
137	George Lopez: Tell Me Your Story	The George Lopez
138	George Lopez Playlist	The George Lopez
139	geile musik	Flavio Alvares
140	Hip Hop Supreme	Hip Hop Supreme
141	hungria	User 635955948
142	HEMPSEY AND FRIENDS	Hempsey
143	Honey Mustard	Pinky Promisers
144	Have You Met Molly (7 HOUR PARTY MIX)	Hi Im Blake
145	Hip-hop music	$uicide$sb____
146	Harry Potter and the Philosopherâ€™s Stone Audiobook by Stephen Fry	saidahb
147	Hummingbird Stems	Local Natives
148	hit list	nawty mani
149	Hardest Shi	CN
150	HONNE - Free Love(Cover by KUN/CHENLE)	KUN
151	hamaki	Heba
152	Hardwell Releases	HARDWELL
153	head expolsion	leahfradd
154	hits	Mohab Mohamed 10
155	Hunters music	User 797895018
156	Homies	Kylar Low
157	HEARTBREAK ON A FULL MOON - Available Now!	Chris_Brown
158	HoÃ i ThÆ°Æ¡ng	HoÃ i ThÆ°Æ¡ng
159	Heartless / Blinding Lights	The Weeknd
160	Instrumental - Patterns	Agamidae
161	In the Mix	In the Mix
162	Idk a boogie pnb	Isis Mitchell
163	Indonesian song	Thex
164	Instrumental 7 - Flow	Agamidae
165	iTunes	user304187064
166	iiiDrops	Joey Purp
167	ingy	Ingy Abdallah
168	It's Complicated	WALE
169	Indonesia	Muhammad Putra
170	Inmind X Freckle- Dip Dab (AUExclusive No.7)	theartistunion.com
171	Indie Classics - Fall 2015	Blue Mountain Sounds
172	ilham: 41-10	ilham
173	Indie Pop - Fall 2015	JACOB LASKER
174	I love you Rosie	User 26285401
175	It's a trap!	All Things Trap
176	Instrumental Background Music For Social Media (Free Download)	AShamaluevMusic
177	iPod	Greg
178	I got black I got white what you want	lil tay tay
179	Instrumental Background Music For Films (Free Download)	AShamaluevMusic
180	Ja feel Tomorrowland Weekender	Ja feel
181	Jazz hip	soo
182	JAZZ	Dj-ElyeNYC
183	Jazz Now!	bluenoterecords
184	JAZZ MUSIC	Xander
185	Jazz hip 6	soo
186	Jermaine Dupri Presents... So So Def 25	Legacy Recordings
187	jazzy night	User 101682266
188	jazz2	ahmed omran
189	Jazz	Ikee27
190	Ju jazz	Juliano Pires 2
191	Jazz	Gennaro Di Cello 1
192	jose	Jose Luis Sierra Velez
193	J Cole  - Friday Night Lights Mixtape (newjcole.com)	newjcole
194	Juice Wrld	Ben Worthington
195	juju	julia Medeiros 14
196	Jah Reggae music!!	Jahempress
197	jazz/blues	camabertrand
198	JOOHEON MIXTAPE [DWTD]	ì£¼ honey
199	Jorge e Mateus	Beatriz Fabiano
200	Khiloo	user954636599
201	K-Pop Top 100 (July 5, 2017)	Melon Sound
202	K	User 671010104
203	Kent Jones	User 349244966
204	khareji	Alireza Alikhani
205	KL	leonora_18
206	kirediuqil	EriiKHAmâ€™S
207	kodhit	Machiseo.com - KODHIT
208	kayla	Makalya Martian
209	Kompa	User 732384485
210	Kehlani Top Tracks	Moments
211	Kate's Playlist	Kate Hughes
212	kpop	mikhaela
213	Khloe Kardashian Ko-Hosts Fifi & Jules	fifiandjules
214	kareem mo7sn	Nourhan Ehab
215	Krupify - part 20	Overmod
216	KPOP A-M	Fueled By KPOP
217	Krupify - part 19	Overmod
218	Kevin Ross Music	Motown Records
219	Kris	Kris Wynn
220	Lat3 Nit3	Latenit3
221	Lowfi hip hop chills	Nix
222	LIL PEEP	flowneet
223	Logic - Under Pressure	TeamVisionary
224	lofi hip hop playlist	Chillhop Music
225	Lijah shiii	user512966969
226	lounge music	user437403782
227	LiL UZI VERT	Unreleased
228	lazy lamhi	Merna Hany
229	Life After Death Star	Otaku Gang
230	love	Andi Nikmaa
231	Logic - Bobby Tarantino	TeamVisionary
232	Lo-Fi Vietnam Chill	Winter. Hi Hii Hiii
233	Lana Del Rey - Summertime Sadness (Remixes)	Lana Del Rey
234	Likes	Jason Bell 32
235	Linkin Park	Kyle Manocchio
236	LIL TJAY - True 2 Myself	Bedroomtrapâ„¢
237	Logic - The Incredible True Story	TeamVisionary
238	Ä½Ã³Ä¾Ã³	ÅÃ˜Å‚Ã¸
239	localğŸ˜‚	Rasha Gamal 18
240	musicas relaxantes	lihcogine
241	Midnight Lofi	lonesomejupiter
242	meditation	Rehan Khan 55
243	Music	jcool19_
244	Madden	MereBrazy
245	Motivational Rap	Khushpreet Singh
246	my music	Prakash Prakash
247	Motivated Music - May 2016	FitnusLife
248	my music	Amr Said Elseady
249	minecraft!!	riiyyu
250	mexican rap	Angel Trejo
251	Members Only, Vol.2	Members Only
252	Mindfulness: A practical guide to finding peace in a frantic world	Hachette Audio UK
253	Members Only Vol.1!	Brain Bakery
254	Montana Of 300	user236440421
255	My Favs	night_88
256	MazMeeZ	Mazen Hesham
257	Mido	mohamed farid
258	Maroon 5 Playlist	Maroon 5
259	most...	Muniba Areeba
260	Never Chill Before	Pineapple Express.
261	new	Heba Adel 80
262	Norah Jones - Day Breaks	bluenoterecords
263	No Strings EP	ChlÃ¶e Howl
264	new beginnings	ellamaley
265	Nova playlist privada	User 775048977
266	New private playlist	Lee is Kawaii
267	Nada	Na Da
268	nabeel	Naveed Ahmed
269	new	Mohamed Abd Elazeem 5
270	New private playlist	vakhtanglashkhiia
271	New Hits XrisLusive	Chris Ba 4
272	nuevas	Karla Cortez 2
273	Naga	B.o.B
274	Nipsey Hussle's Definitive Tracks: Rest In Power	Hustle: Rap & Hip-Hop
275	new	meshoooo
276	Nhac spa	Helen Pham
277	New private playlist	User 10265822
278	No Phun Intended	Old Twenty One Pilots
279	New private playlist	User 687823551
280	Osts	User 731741986
281	overwhelming	Kelly Bautista
282	Oct. Lo-fi	ilovehanriver
283	omar	Ramez Shehab
284	Origin	user312202678
285	Outros Ibai	Sprooce
286	oh my venus	Tuti Pratiwi
287	Oldies	Mira Sameh
288	Outtakes	Just Blaze
289	Outer Peace	Toro y Moi
290	OGâ€™S only	User 982108173
291	OF THE NIGHT REMIXES	BASTILLE
292	OTHER PEOPLE'S HEARTACHE	BASTILLE
293	oct 2	Trent C
294	OP Gaming Vol. 1	Xerazeth
295	OST	bts songs
296	opeRa ...:$$	Kitty ~ Caty
297	On Being	On Being Studios
298	OFFICIAL POLO.G SOUND CLOUD	POLO G
299	Other	Lauren Benno
300	Piano Deep Concentration	Nitza Md
301	pre work out 2017	user154907890
302	Party 2018	Playlists Daily
303	Playlist 001 (Hard beats) - Gold's Gym Egypt	Golds' Gym Egypt Radio
304	Paper Heart EP	ChlÃ¶e Howl
305	Puff Daddy & The Family - MMM	Bad Boy Entertainment
306	Party	Gordie Vonschmidt
307	PLAYBACK 2018	Playback
308	playlist238293139 - Part 1	BryNod
309	podcast	duckboysings
310	PumpTheBeat.com Presents: Weekend Workout Vol. 4	Lowest Ends
311	Pi'erre & Cardo's Wild Adventure	Pi'erre Bourne
312	Playlist	user727372658
313	Playlist	HocusPocus
314	playlist247962805 - part 2	alo_solnce
315	Paino & Orchestra (George Winston, Taliesin Orchestra,)	CatAndCrow
316	pagode	Deise
317	Pray 4 Love	Rod Wave
318	Porter Chops Glasper	Rappcats
319	PYROHYDRO Mixtape	BTG
320	Quran	EsraağŸ–¤
321	Quran World | Ø¹Ø§Ù„Ù… Ø§Ù„Ù‚Ø±Ø§Ù†	(MK) 2021 ğŸ¤²
322	Queen Naija EP	Queen Naija
323	QUEMIX 3	Jacquees
324	Queue M	Greg
325	Quality Control: Control The Streets Volume 2	Quality Control
326	Queue M_part2	Greg
327	Quran	Roqia_Roqia
328	Questions pour un champion	Ronny
329	Queue M_part3	Greg
330	QueMix 4	Jacquees
331	Quemix 2 Mixtape	Jacquees
332	Quarantined	alex_bigbone
333	Queue M_part4	Greg
334	Queen	Queen
335	que sad	cc htxğŸ‡²ğŸ‡½
336	quinn2	SequoiaBlack
337	Q - Aug 17	MMason
338	Queenzz	Jaimes KÃ¶nig
339	quilly	Timothy Reese
340	RAP	user826865437
341	Rave Metal	MeninoJoia
342	Rap and Rnb	Danielle Whitehurst
343	R	trappytrapstar
344	Reading God's Story Audio Bible	BHPublishingGroup
345	"RiB 7"""	Los Campesinos!
346	Radiolab Valentine's Set	Radiolab
347	random	Nia Drew
348	Running, Cardio and Strength Training Tracks	AllOutAshley
349	Remembering 2015	Blue Mountain Sounds
350	reggae regaeton	Juan Jose Rios Torales
351	r kelly	Steven Finlay
352	ratchet	lyricsxlyric
353	Roa music	Blakk Cherri Savior
354	Rage with Bass	3sUP
355	Remixes of Popular Songs	Alternative Arrowhead
356	Randa	Randa Noha
357	R J Balaji Tracks	Pugazh
358	rock	Sarah
359	Releases	Covered Records
360	Sunday music and hot coffee..	OmarK
361	Stella's Coffee House	Mah
362	song	aHmEd NaSeR
363	Slowmelow	vhiendysip
364	Sermons	TriCon Sound
365	Selection	Benoit Dreher
366	smoothly	Deborah Smith 9
367	soundcloud, the music	user982777340
368	Special events at TriCon	TriCon Sound
369	Sunday Services	TriCon Sound
370	Swan Lingo	Prince Mononoke
371	sermon from September 9, 2012 service	TriCon Sound
372	space 2	semsema
373	Shawtyy's playlist	Christee Lashalle
374	Shawtyy's playlist	Christee Lashalle
375	Shawtyy's playlist	Christee Lashalle
376	Shawtyy's playlist	Christee Lashalle
377	Shawtyy's playlist	Christee Lashalle
378	Shawtyy's playlist	Christee Lashalle
379	Station Noises and Sounds	ColChrisHadfield
380	Top 50: All music genres	muhammadmuklis@gmail.co.id
381	The Last Chillstep Playlist You'll Ever Need (8Tracks)	Adrien Brunelat
382	Trap for Deep Focus: Chill Trap	Hustle: Rap & Hip-Hop
383	toka mmdoh	Toka Mumdoh
384	TALKING WITH THOMPSON SQUARE - IT'S A PODCAST EP.1	Thompson Square
385	Tico	Tico Il Re
386	The Mans	ICEisHOT _-___-____-_____
387	Tunes??	CcaitlinTtonerxo
388	The Latest #GetMorePlays Uploads	SoundCloud
389	Tropixaton | Finals Antidote vol. 3	GoodVibesOnly
390	tanton	fatma emam
391	the offspring_part3	Emmanuel Piolet
392	Travel Vlog Music	Free Music for Vlogs
393	The	Shagun Kichlu
394	Taw2am Ro7y	Mina Mano
395	The Adventure Zone OST	griffinmcelroy
396	The Complete Collection	alltheolives
397	Try Remix Competition	John Newman
398	Tik Tok	Songs
399	thoda pyar thoda magic	JÃ¤nÃ–o KRomal
400	UNRELEASED JUICE WRLDğŸŒ	Aidan Cantara
401	Undertale - Toby Fox	angrysausage
402	Up	yujin choi 7
403	Us v Them: Los Campesinos! curated alldayer at Brudenell Social Club	Los Campesinos!
404	Un Dimanche au Calme - A Quiet Sunday	Dealer de Musique
405	Unreleased Juice Wrld	UnreleasedJuice
406	Underground	Fares Elsayed
407	Unbox Therapy Songs	Unbox Therapy Music
408	Uzi Vert Essential Pack 2+++	Lil Uzi Vert
409	UNDISPUTED	Def Jam Recordings
410	UNTIL I RETURN	YoungBoy Never Broke Again
411	Unreleased KanYe West Demo Beat Tape [c. Sept. 97']	Trilly Madison
412	UNSATISFIED	Ege Cinel
413	Ultimate Indie	SÃœNGÃ–D
414	undercurrents	SÃœNGÃ–D
415	Urban Flora	Galimatias
416	Untitled	SÃœNGÃ–D
417	undefined - Part 1	MMason
418	United Sounds: Worldwide Wednesdays!	United_Sounds
419	United Sounds: Stories, Updates, Fun Facts, and Thank Yous!	United_Sounds
420	Voiture 3	user905831900
421	VERTIGO	â˜†LiL PEEPâ˜†
422	Vibes	Shay Bialkoski
423	VIRTUAL SELF - GHOST VOICES OFFICIAL MUSIC VIDEO OUT NOW	Porter Robinson
424	ğ‘‰ğ‘–ğ‘Ÿğ‘¡ğ‘¢ğ‘ğ‘™ ğ‘†ğ‘’ğ‘™ğ‘“ (ğ‘‡ğ‘’ğ‘ğ˜©ğ‘›ğ‘–ğ‘ğ‘'ğ‘  ğ‘šğ‘¢ğ‘ ğ‘–ğ‘)	Porter Robinson
425	ğ‘‰ğ‘–ğ‘Ÿğ‘¡ğ‘¢ğ‘ğ‘™ ğ‘†ğ‘’ğ‘™ğ‘“ (ğ‘ƒğ‘ğ‘¡ğ˜©ğ‘ ğ‘’ğ‘™ğ‘’ğ‘ğ‘¡ğ‘œğ‘Ÿ)	Porter Robinson
426	Vroom Vroom EP	charlixcx
427	VLOGGY JAMS	Ramdigity
428	VLOGGY JAMS	Ramdigity
429	vanhat	Lin Jian
430	Various Artists â€“ Midnight Clear	Solid State Records
431	vl	Marcelo Paula
432	VIBRANT	Juneau the Zookeeper
433	VIXX	Rachna Tungaturthi
434	VERY RARE LOST FILES	SKI MASK THE SLUMP GOD
435	vibe	Hailey Smith
436	VARSITY EP	ASTR
437	vatos	Enrique Rodriguez
438	Viva Latino-Top 50	Gabriel-17
439	Various Artists â€“ St Moritz Apres Ski (Essential Deep & Fashion House Selection)	John Stewart
440	Workout- Rap/ Hip Hop	OTFworld
441	work out or get out.	madiparrot
442	Wake up, Chill, Repeat	Sam Saunders
443	wegz	hadyhady hady
444	Workout EDM 10	GusManke
445	walking	Deborah Smith 9
446	Workout & Gym Motivation Music - Micle Mihai-Cristian	Micle Mihai-Cristian
447	Workout	laurag143
448	Wuqoo | Best Remixes 2019	Miami Music Worx 2019
449	weird	Harsev Randhawa
450	Welcome to Nightvale	zyphria
451	Warp Records - part 12	Wiggi Dee
452	Warp Records - part 8	Wiggi Dee
453	Warp Records - part 8	djdripfunk/technopunkdj
454	Warp Records - part 12	djdripfunk/technopunkdj
455	Welcome to the United Sounds Project!  (And: How to Participate!)	United_Sounds
456	Work	Brandi Whipple
457	watering	Trisha Dobbs
458	Wai Lana Yoga - Popular songs	Wai Lana Music
459	Wrist wrist wrist	mikalaurenjapaz
460	XXXTENTACION Presents: Members Only, Vol. 4	XXXTENTACION
461	Xxxtentacion sad/chill songs	VALOUS ISRAFIL
462	xxxthebeastkingxxx	Xxxthebeastkingxxx
463	Xxx	Zayden Lindenschmidt
464	XXXTENTACION	Vro Files
465	Xavier Wulf - Tundra Boy Season 2	XavierWulf
466	XXXTENTACION	Hip Hop Top Class
467	xx	Geraldine Urcia Febres
468	xxxtentacion playlist	tentacionfather
469	Xavier Wulf - The Local Man	XavierWulf
470	Xbox Luvr - part 2	gabrielle_palumbo
471	Xavier Rudd	Judith Ruel
472	Xavier Wulf & Bones - BRACE	XavierWulf
473	xx	User 858635749
474	XxxtentacionğŸ”¥ğŸ”¥ğŸ”¥	JÃ¼an HernÃ¡ndez
475	XDSE the Playlist	Mawksy
476	xxxviii	Walid Saeed
477	x	user934200416
478	X	H A
479	x0x0	kelseyteresaa
480	YMCMB	YMCMB-Official
481	You Should Be Here	Kehlani
482	Your Top Songs 2020	Kaitlyn Gallup
483	Your 2020 Playback	Austin Jackson
484	Your Favorite Hip Hop Playlist #3	HipHopRep
485	You Want My Sound Mixtape	John Newman
486	ydo2 albab	aishaalotfe
487	YOUWILLREGRET	SKI MASK THE SLUMP GOD
488	yup	User 195686387
489	YK's Favorite Bangers	Def Jam Recordings
490	You're On ft. Kyan [REMIXES]	Madeon
491	YNM#4	ARA
492	yah	User 887889812
493	young and wild pt 2	Jackie Ala
494	Ya $hall â€ urn Up	RIVENCHY
495	Young Jeezy	Luis7777
496	Young Thug Playlist	BlackAustrian
497	yea	GINVADE MUSIC
498	Yellow Claw - Blood For Mercy	Yellow Claw
499	"YG ""You Broke"" f. Nipsey Hussle (Explicit & Clean)"	Def Jam Recordings
500	ZA DOWNLOAD	Matija OsreÄki
501	zema	mohamed abdelazem
502	ZODIAX	The Vaccines
503	ZOO	Russ
504	Zuzo ğŸ˜ğŸ˜	Zozo
505	Zeds Dead x MKLA - Alive (Remix EP)	Zeds Dead
506	zizooooo	Zizo Emad
507	zbisba	user695010569
508	Zman	Shimmaa  Farg
509	Zak Zample - F**k This Lockdown	Machine Made Records Â©
510	Zeyad	Zezo Alnahel
511	ZJ	ZJ Zydrunas
512	z	Dwi Rahma
513	Zero --> One	zgrannis
514	ZeBOOM	Zeb
515	ZJ-CLUB	ZJ Zydrunas
516	zbady	Mohamed Mido
517	Zo killa	Lorenzo Errar
518	zezo	zezo
519	ZaMA	Muaz Khan
