	0
0	Tell Ur Mom II - Winno (ft Heily)
1	SÃ i GÃ²n ÄÃ¢u CÃ³ Láº¡nh - Changg x Lewiuy
2	PHI HÃ€NH GIA - RENJA x SLOW T x LIL WUYN x KAIN x SUGAR CANE
3	An ThaÌ‚Ì€n - LOW G ft THAÌ†ÌNG ( lofi ver by Gum) prod by Chill Denis
4	Back To Hometown - SOL7 [Tháº§y 7] (Rap Viá»‡t MÃ¹a 2)
5	Lá»¡ say bye lÃ  bye - lemese X changg (sonbeat lofi mix)
6	GPS - NIDEBIG ft BINQANG , PURR ( PROD : HS YAFU )
7	LeeHi (ì´í•˜ì´) - ONLY
8	an tháº§n (ft.tháº¯ng)| low G | rap nhÃ  lÃ m
9	Máº¯t nai cha cha tune - Duy lion
10	Náº¿u mai chia tay ( Hieu Tran Chill RnB Version) - Monstar Ft. Amee
11	Láº¡c - Rhymastic
12	CÆ°a LÃ  Äá»• - PhÃ¡t Há»“ X2X (Äáº¡i MÃ¨o Remix)
13	á» NHÃ€ CHÃN QUÃ“ (Prod. KanaBeats)
14	bÃ­ch phÆ°Æ¡ng - em bá» hÃºt thuá»‘c chÆ°a (feat. traitimtrongvang)(sonbeat x sÃºn mix)
15	[DCOD] NGTANOISE (NgÆ°á»i ta nÃ³i - remake) | VSOUL x MFREE x TUYEN VO|
16	Obito Ft. Hnhngan Live YOUR SMILE - Emma X Seachains X Obito
17	Thay LÃ²ng (Lofi By NH4T) DIMZ x TVk x WindV / Táº¡m biá»‡t nhÃ© ngÆ°á»i em yÃªu ~
18	EM KHONG THE
19	Obito - LOST (BeeBB Remix)
20	Tlinh - ThÃ­ch QuÃ¡ RÃ¹i NÃ  ft. Trung Tráº§n (prod by @rpt.phongkhin )
21	2A - 6 - CÃ´ ÄÆ¡n DÃ nh Cho Ai Remix
22	3107-3 (lofi ver. by VUX) - W/n x NÃ¢u x Duongg x Titie
23	Orange x HoÃ ng DÅ©ng - Khi Em Lá»›n (Lo-fi ver by Hawys)
24	Loving You Sunny - Kimmese Ft Äen ( Prod.by Touliver & JustaTee )
25	Kimmese ft JustaTee - Real Love ( Acoustic version ) Prod. by Touliver
26	YÃªu Má»™t Nguá»i CÃ³ Láº½ -=- MIU Le ft LOU Hoang
27	WREN EVANS - ThÃ­ch Em HÆ¡i Nhiá»u
28	Láº§n Háº¹n HÃ² Äáº§u TiÃªn + Phá»‘ ÄÃ£ LÃªn ÄÃ¨n - Huyá»n TÃ¢m MÃ´n | Lo-Fi nhÃ  lÃ m
29	back to hometown sol7
30	HIEUTHUHAI - NGHE NHÆ¯ TÃŒNH YÃŠU (FELIKS ALVIN REMIX) | HAWYS EDIT
31	Em LÃ  HoÃ ng HÃ´n - Vang x CLoud 5
32	DAU CAN MOT BAI CA TINH YEU
33	ICEMAN - Sol7 ft MCK
34	SOOBIN - THÃNG NÄ‚M (SPECIAL VERSION) FT. SLIM V
35	Nghe NhÆ° TÃ¬nh YÃªu - Hieuthuhai, Kewtiie (slowed + reverb)
36	Náº¿u Anh Tháº¥y LÃ²ng MÃ¬nh Yáº¿u Äuá»‘i - TÃ¹a x CM1X
37	Viá»‡t - HÆ¡n Cáº£ MÃ¢y Trá»i (lofi ver by hawys)
38	Dá»‹u DÃ ng YÃªu - ÄÃ o Duy QuÃ½ [FREE DOWNLOAD]
39	Ãnh Sao VÃ  Báº§u Trá»i - T.R.I x CÃ¡ ( Lofi ver by X. O)
40	Thá»©c Giáº¥c - Da LAB
41	fishy ft TrÃ­ DÅ©ng - Forget me now
42	SUÃT Ná»®A THÃŒ (VER. Chuyáº¿n Ä‘i cá»§a thanh xuÃ¢n)
43	Berlin
44	Khi co don em nho ai
45	NhÆ° Má»™t NgÆ°á»i DÆ°ng (Ciray Remix) | NguyeÌ‚Ìƒn ThaÌ£c BaÌ‰o NgoÌ£c | Tá»«ng ngÃ y anh váº«n bÃªn em tháº¿ nhÆ°ng
46	DUYB & NOTAFRAID - Háº¾T NHáº C CON Vá»€ Ft RZ Mas
47	THANH XUAÌ‚N LAÌ€ ANH - N.Dien X 2T f.t Shenlongz
48	She Neva Knows - Justatee ( Lofi Ver )
49	Nghe NhÆ° TÃ¬nh YÃªu (CM1X & VRT Remix) - HIEUTHUHAI
50	Chá» Lá»i Anh NÃ³i - IVY Ft Crou Produce By OrionB Final
51	DÃ¹ Cho Mai Vá» Sau
52	PhiÌa Sau ÄoÌ‚i MaÌ†Ìt - Anh BaÌ£n ThaÌ€nh ft. SIDO (original.)
53	LÃª Thiá»‡n Hiáº¿u - Ooh Just You (BeeBB Remix)
54	Sinh Ra ÄaÌƒ LaÌ€ ThuÌ›Ì ÄoÌ‚Ìi LaÌ£Ì‚p Nhau Freak D Lofi Ver  Emcee L Da LAB ft Badbie
55	Thay LÃ²ng Nal x TVK  Äáº¡i MÃ¨o Remix
56	Dá»‹u dÃ ng em Ä‘áº¿n (Lofi) || Erik x Quanvrox
57	CÆ°á»›i ThÃ´i - Masew x Masiu x B Ray x TAP - Tik Tok
58	XÃ­ch ThÃªm ChÃºt - RPT Groovie ft TLinh x RPT MCK
59	-237Â°C - HIEUTHUHAI x LOWNA
60	ÄeÌ‚Ì‰ NoÌi Cho Nghe - CuÌ‰ CaÌ‰i x BoÌ‚n
61	MUá»N ÄÆ¯á»¢C CÃ™NG EM' - FREAKY x CM1X (ft. QUá»²NH GAI)
62	Kewtiie, Gill, marzuz - ROOM 808
63	24h - lyly ft. magazine (arrix & luxofons mix)
64	KHONG CAN CO MCK ft TLINH
65	Ãi Ná»™ - Masew x Khoi Vu( Vinniedepooh ft Darling remix ) Hot TikTok
66	(2 7 1 1) Mang em qua Ä‘Ã¢y - PhuBinh x Lara
67	Seachains x Summer Vee - HOLD YOU DOWN (Produce by Dreamble)
68	ChuÌng Ta Sau NaÌ€y (Lofi) - Freak D
69	SON TUNG M-TP - CHAY NGAY DI ( Prod. by ONIONN. )
70	HURRYKNG, HIEUTHUHAI, MANBO - 'Háº¸N Gáº¶P EM DÆ¯á»šI ÃNH TRÄ‚NG' | (VRT REMIX)
71	Lop 13 - Tage x DANG ENG REMIX (JIANG Edit)
72	3107 1 2 3 W/n x Duongg x NÃ¢u x TiTie.com
73	1 PhÃºt - Andiez
74	ğ™·ğšŠğš—ğš‘ ğš™ğš‘ğšğšŒ ğš‹ğš˜ ğš›ğš˜ğš’ ğšğš–_ğšœğš•ğš˜ğš ğšğš+ğš›ğšğšŸğšğš›ğš‹
75	NgÆ°á»i Em Cá»‘ ÄÃ´ - Rum ft Äaa
76	Äá»˜ Tá»˜C 2 | FROM MIXI WITH LOVE - MASEW x PHÃšC DU x PHÃO x Äá»˜ MIXI
77	CÃ¢u Há»©a ChÆ°a Váº¹n TrÃ²n (Äáº¡i MÃ¨o Remix) | PhaÌt Huy T4 | MiÌ€nh ÄaÌƒ Há»©a YeÌ‚u ThaÌ£Ì‚t LaÌ‚u
78	[Single] 2 5 - TÃ¡o
79	Neu Ngay Ay - Soobin Hoang Son
80	Phá»‘ ÄÃ£ LÃªn ÄÃ¨n ||ã€ŒLofi Version by 1 9 6 7ã€
81	Honey -AnhVu (Prod By Goku Beats)
82	Trung TuÌ›Ì£  MeÌ£  Xa NhaÌ€DuÌ›Ì£ AÌn Lofi 02
83	BÃ i HÃ¡t Cá»§a Em - VT (Prod by Chillin On Da Cloud)
84	ChÃºng Ta Cá»§a Hiá»‡n Táº¡i
85	Chá»‰ VÃ¬ QuÃ¡ YÃªu Em - RUM | COVER
86	Sinh Ra ÄaÌƒ LaÌ€ ThuÌ›Ì ÄoÌ‚Ìi LaÌ£Ì‚p Nhau (Lofi)
87	ğ–˜ğ–†ğ– ğ–Œğ–”ğ–“ ğ–‰ğ–†ğ–š ğ–ˆğ–” ğ–‘ğ–†ğ–“ğ– (ğ–˜ğ–‘ğ–”ğ–œğ–Šğ–‰) - ğ–ˆğ–ğ–†ğ–“ğ–Œğ–Œ ğ– ğ–‘ğ–Šğ–œğ–ğ–šğ²
88	(FYILY) 4. Láº  QUÃ - B RAY X KARIK
89	GiÃ¢y PhÃºt áº¤y - J.K / OFFICIAL
90	YeÌ‚u Äá»«ng SoÌ›Ì£ Äau (Frexs Remix) | NgoÌ‚ Lan HÆ°Æ¡ng | Äá»«ng Quay Máº·t Äi NÆ°á»›c Máº¯t RoÌ›i ThiÌ€ Cá»© Hot TikTok
91	Háº¡nh PhÃºc Má»›i | SÆ¡n TÃ¹ng MTP
92	BÃ¨o dáº¡t mÃ¢y trÃ´i - Anh Khang ft. Quang tháº¯ng Cover by Jannina W
93	Tim Toi?
94	Quen mot nguoi chua tung yeu | ğ™¨ğ™¡ğ™¤ğ™¬ğ™šğ™™
95	AnThan
96	ğ™½ğšğšğš˜ğš’ ğš•ğšŠ ğšğš‘ğš˜ğšŠğš—ğš ğššğšğšŠ_ğšœğš•ğš˜ğš ğšğš+ğš›ğšğšŸğšğš›ğš‹
97	muon duoc cung em & mat troi cua em-FREAKY X PhÃ¡o X QUá»²NH GAI
98	Láº  LÃ™NG - VÅ©. (Original)
99	"ngay hom nao, chia tay anh noi nhu loi tran troi ""em dung u sau""..."
100	Yeu 4
101	Anh LÃ  GÃ£ Ngá»‘c, Pt.1 (Ballad)
102	LIL WUYN - THAY Äá»”I - Cut Intro and outtro
103	YÃªu LÃ  CÆ°á»›i - PhÃ¡t Há»“ X2X (Äáº¡i MÃ¨o Remix)
104	Killic x D.Blue - Chá»‰ CÃ²n Ta VÃ  Ta Giá»¯a Trá»i (Prod. by Plantplantworld) [Official Audio]
105	ğƒğ¢ğğ® ğšğ§ğ¡ ğ¥ğ®ğ¨ğ§ ğ ğ¢ğ® ğ¤ğ¢ğ§ ğ­ğ«ğ¨ğ§ğ  ğ­ğ¢ğ¦...
106	Sáº½ cháº³ng yÃªu ngÆ°á»i khÃ¡c Ä‘Ã¢u
107	ğšŠğš– ğšğš‘ğšŠğš– ğš‹ğšğš— ğšğš–_ğš‚ğš˜ğš— ğšƒğšğš—ğš ğ™¼ğšƒğ™¿ (ğšœğš•ğš˜ğš ğšğš+ğš›ğšğšŸğšğš›ğš‹)
108	Chiáº¿c Bá»¥ng ÄÃ³i - TiÃªn Cookie ft. Thanh NgÃ¢n (prod. by Khoa VÅ©)
109	[ Offical Audio ] GhÃ© qua - Dick Ft. PC N ToFu
110	CÃ³ Háº¹n Vá»›i Thanh XuÃ¢n - Monstar
111	Buc Tranh Khong Mau (Master) - Akira Phan
112	Chac Ai Do Se Ve (Lofi Ver.) - DeeYouSee, Till17, HÆ°Æ¡ng Ly
113	Náº®NG ÄÃƒ LÃ€M MÃ EM THÃŠM Há»’NG [ Acoustic Piano Ver ]
114	QUEN MOT NGUOI TUNG YEU - TÃº Na
115	nit, sing - Ã´m em láº§n cuá»‘i | vrt lofi ver.
116	3107-2 | DuongG x NÃ‚U x W/N
117	Cáº£m Nháº­n - OTD SEACHAINS (Rap Viá»‡t MÃ¹a 2)
118	Ná»£ Ai ÄÃ³ Lá»i Xin Lá»—i - Bozitt & LilGee Pháº¡m (Original Lossless Track)
119	TrÃ² ÄÃ¹a (Original Version)
120	SÃ€I GÃ’N HÃ”M NAY MÆ¯A (lofi ver. by VUX) - JSOL & HOÃ€NG DUYÃŠN
121	MASHUP PHAN Máº NH QUá»²NH (The Voice 2018 Version)
122	TrÆ°á»Ÿng ThÃ nh - Dee.A (F2 Records Mix)
123	Ã”m Em láº§n Cuá»‘i (Lofi Ver.) - Nit ft. Sing x Freak D
124	Chung Ta Chi La Da Tung Yeu (DJ Dai Meo 2021) - Thien Tu (JIANG Edit)
125	dung khoc mot minh em oi
126	PhaÌt ÄieÌ‚n feat. Nger (MCK), Trung TraÌ‚Ì€n
127	Yeu Nhau Nhe Ban Than
128	bmager
129	Mascara - Chillies.
130	Loving You (Matt Cardle / Mel C) by @deonoxivar & @rizkazahratamira
131	TÄ‚NG PHÃšC ft TRÆ¯Æ NG THáº¢O NHI_ KHÃ“C ÄÃŠM (Lá»i Viá»‡t - HOÃ€NG RAPPER) _ MÃ¢y In The Nest 28.3.2021
132	NgÆ°á»i Láº¡ ThoÃ¡ng Qua (Lofi Ver.) - Äinh TÃ¹ng Huy X Vux
133	TUÌ›Ì€ NGAÌ€Y EM ÄEÌ‚ÌN X THANH XUAÌ‚N - DALAB (MASHUP) - Michelle Ngn
134	can bao nhieu tien doi mot mo binh yen
135	Tinh Nong
136	Love08/ Lofi / DuongG x OD x Tinkerbell
137	Mashup Náº¿n VÃ  Hoa x Rebound x Hennessy - Glee Amsâ€™ Cover
138	CÃ¢u Há»©a ChÆ°a Váº¹n TrÃ²n ( Lofi Ver. by KProx )
139	TÃ¡o - Blue Tequila
140	VÃ™NG KÃ á»¨C [Soft Piano Cover]
141	Forget Me Now (Lofi Ver.) - Fishy X TrÃ­ DÅ©ng X WindP
142	CÃ´ áº¤y NÃ³i (Lo-fi Ver.) - Dickson Nguyen x mix199
143	Dau con day
144	Co don danh cho ai
145	MÃ¹a Háº¡ NÄƒm áº¤y
146	NGÆ¯á»œI Láº  THOÃNG QUA (VUX REMIX) - ÄINH TÃ™NG HUY
147	Gáº¡t Ä‘i nÆ°á»›c máº¯t - Noo PhÆ°á»›c Thá»‹nh, Tonny Viet ( Asia Song Festival 2016 - Hiáº¿u Tráº§n Remix)
148	ChiÌ‰ LaÌ€ MuoÌ‚Ìn NoÌi | Lofi Ver - KhaÌ‰i x Freak D
149	Ná»£ Ai ÄÃ³ Lá»i Xin Lá»—i (Lofi Ver.) - Bozitt X Freak D
150	Tinh Yeu Mau Hong - Mee Remix
151	BÃ¡c sÄ© Háº£i -  Mix Máº¥t NÆ°á»›c  | NgÆ°á»i ChÆ¡i Há»‡ NÆ°á»›c #2
152	1500-Watch Me (Giang To - D&D Remix )
153	"Bac Si Hai - ""NgÆ°á»i ChÆ¡i Há»‡ NÆ°á»›c "" | Nháº¡c NÆ°á»›c Mixtape | Happy new year 2021"
154	NST VietMix - Äá»i HÆ° áº¢o 2020 Bum Mix
155	Viá»‡t Mix á» BÃªn Ai Em CÃ³ Tháº¥y Vui Nhiá»u KhÃ´ng Remix - Nonsop 2022 Viá»‡t Mix
156	Virus Binh Ho (Nonstop Vol.6)
157	Nonstop - Muá»‘n sáº£ng thÃ¬ nghe - Dj TinÃ´ mix
158	Nonstop - Vol.14 - Phia Sau Em - DJ Banana Remix (Chuoi Tay).mp3
159	BÃ¡c sÄ© Háº£i - HMM @ Best BÃº BÃ³ng #5
160	Hai Ã”ng KeÌ£ Ver 2 - Minh TriÌ 202 ft BeÌ HiÃªÌ£p
161	[MIXSET] LOVE SEASON VOL 01  BY ABIG
162	Lenka - Trouble Is A Friend (Future Remix)
163	NONSTOP Vinahouse 2021 - Thay LÃ²ng - Viá»‡t Mix 2021 - Duke Mix
164	Sai CaÌch YeÌ‚u Remix TikTok LeÌ‚ BaÌ‰o BiÌ€nh
165	CovidHouse - NaH
166	Nonstop Thanh Trá»±c 2 - PTN Ft PiLuanTruong (VietMix)
167	Gáº  ! - San Baby Kute Mixxxx (Full Vietmix 2h)
168	2T - CÆ¯á»šI ÄI (Changg Ft. Yang Remix) Báº£n Remix Vinahouse Hot Tiktok 2021
169	NST - MASHUP 10 in 1 - Nghe lÃ  nghiá»n - By Dj TANTENGG
170	NhÆ° Má»™t NgÆ°á»i DÆ°ng ( Nguyá»…n Tháº¡c Báº£o Ngá»c ) - Háº£i SÃ²n Remix ( VÆ°Æ¡ng UP )
171	SAI CÃCH YÃŠU (VUX REMIX) - LÃŠ Báº¢O BÃŒNH //demo
172	MIXTAPE - SHAKE MY LIFE -  TK FT HLux Mix
173	Nonstop - Uy TÃ­n Vol.11 ( BÃ¬nh Há»“ Mix)
174	Cá»™t Má»‘c 2020 - Phi ThÃ nh(Vinahouse)
175	Drug Music - By D.H.N.A
176	Bá»©t PhÃ¡ - BÃ¬nh Há»“ (Nonstop Vol.9)
177	QuÃªn má»™t ngÆ°á»i tá»«ng yÃªu ( Remix MSC ) | TIK TOK 2021
178	Bui Anh Tuan Thuan Theo Y Troi - Sea 2020 Remix
179	MÆ°a Tuyáº¿t Remix
180	Ha Con Vuong Nang - TIPO REMIX 2021 (JIANG Edit)
181	RPT MCK - GiÃ u VÃ¬ Báº¡n, Sang VÃ¬ Vá»£ (Future Remix)
182	DÃ‰ TIáº¾P ÄI vol5 - BAOTENG
183	HPBD To Me - BÃ¬nh Há»“ (Nonstop Vol.4)
184	NGAY CHUA GIONG BAO-BAC MT- 2021 - 04 - 07
185	Bad Boy - Dani x TiLo x Dzo x Natale full option
186	Háº¡ CÃ²n VÆ°Æ¡ng Náº¯ng (Remix TikTok) - DatKaa
187	Chill Room With BroBear Remix (Vol 10) - BiTeddy Remix
188	XA DO 3 - NHUNG TRACH NHAC HOT NHAT - DJ HOANG ANH
189	Nonstop - Vol.5 - Dong Thoi Gian - DJ Banana
190	DÃ‰ TIáº¾P ÄI VOL8_BAOTENG
191	TRONG NGHIA V3
192	Chá»¯ ThÆ°Æ¡ng Náº·ng Láº¯m Em Æ i - Em Há»©a Tháº¿ NÃ o Remix Hot Tik Tok
193	CHÃš CÃO NGÃO NGÆ  - DJ TCT MUSIC VOL 23 - NHáº C BAY PHÃ’NG VIP 0971345286
194	Giang To In The House - 2021
195	September - La La La (Never Give It Up) (Future Remix)
196	Im folle De Toi Remix - VKEY x KUN
197	Jonas Brothers - Sucker (Gerrit Faber Remix)
198	TE QUIERO #14 - DJ RIX (JPUB MIXOLOGY GIFT)
199	CAN GI HON? - TIEN TIEN x JUSTATEE
200	Emily ft LK , JustaTee - Xin Anh Äá»«ng
201	Kimmese ft Antoneus Maximus - Emotions ( Official Audio )
202	CÆ°á»›i Äi - 2T x ChangC ( Prod. So Hi x Flowz )
203	Chill Dream- TBii Ft. UMIE
204	YÃªu 5 ( lofi ver. ) - Rhymastic Ã— AnhLuc
205	Liá»‡u Giá» - 2T x VÄƒn x Prod. KayTee
206	REAL LOVE - MYANH X LU | BVNG FLIP
207	Du Cho Mai Ve Sau (acoustic AUDIO)
208	1 HOUR SONG REMAKE | THÃCH EM HÆ I NHIá»€U REMAKE - WREN EVANS x CHARLES.
209	Thanh XuÃ¢n Muá»‘n CÃ³ Anh - DIMZ
210	Em HÃ¡t Ai Nghe (Lofi Ver.) - Orange x Freak D
211	Sai CÃ¡ch YÃªu (Lofi Ver.) - LÃª Báº£o BÃ¬nh X Zeaplee
212	THáº°NG ÄIÃŠN - JUSTATEE X PHÆ¯Æ NG LY - OFFICIAL MV
213	Late Night Melancholy - SAD CHILL Lofi Piano Type Beat
214	tÃ¬nh Ä‘áº¯ng nhÆ° ly cÃ  phÃª - nÃ¢n. vÃ  NgÆ¡
215	Nháº¡c Lofi 2021 - Nhá»¯ng Báº£n Lofi Freak D Mix Nháº¹ NhÃ ng Cá»±c Chill - Nháº¡c Tráº» Ballad Lofi Viá»‡t Buá»“n
216	Nothing On U - Umie & VeeA (TrÃ­ Nam edited)
217	Tá»« Chá»‘i Nháº¹ NhÃ ng ThÃ´i - BÃ­ch PhÆ°Æ¡ng ft PhÃºc Du | OFFICIAL MUSIC | LOSSLESS
218	Lá»i NÃ³i ÄiÃªu TrÃªn MÃ´i Em / Äá»— NguyÃªn PhÃºc ft. Lil Zpoet (Freak D version)
219	ÃNH CHIá»€U TÃ€N - D Empty (ft. POLL) (OFFICIAL AUDIO)
220	EM KHONG HIEU - BVNG RMX
221	Deep sea (Binz ,Thanh Nguyá»…n, TripleD - GVR, Spacespeakears)
222	'TAY ÄAN XEN TAY' (CM1X Lofi Ver.) - MINH HUY ft. TRUC
223	ai rá»“i cÅ©ng bá» anh Ä‘i.
224	Suy NghÄ© Trong Anh (Lofi Ver.) - Chu DuyÃªn X Ness
225	No L/Cháº³ng giá»‘ng giÃ¡ng sinh (remake) - MCK prod. datfitzx
226	U GOT ME CHÃŒM SÃ‚U
227	Saigon vÃ  em 5
228	â€˜cÃ³ háº¹n vá»›i thanh xuÃ¢nâ€™ (vrt rnb ver.) - monstar
229	Hello (foolish) [feat. nÃ¢n & TSL]
230	Glass Animals - The Other Side Of Paradise (Speed/Pitch Edit)
231	JustaTee - She Neva Knows ( Original )
232	NgÃ y HÃ´m Nay Cá»§a Anh Tháº¿ NÃ o - TÃ¹a x Freaky x CM1X
233	TrÃº MÆ°a -  HKTune
234	Äáº¾N Rá»’I Láº I ÄI
235	CKay - Love Nwantiti (TikTok Remix) Lyrics Ah Ah Ah Ah Ahhh Song Ule Open Am Make I See Ule
236	She neva know - JustaTee
237	Only U - Hoang Ton
238	3107 - 2 - Sau NÃ y Liá»‡u ChÃºng Ta -  Ná»£ Ai ÄÃ³ Lá»i Xin Lá»—i - Mix Freak D Mashup Lofi Sad
239	50 Feet
240	NÆ I NÃ€Y CÃ“ ANH - SÆ N TÃ™NG M - TP
241	Mashup NgÃ y ChÆ°a GiÃ´ng BÃ£o, Always Remember Us This Way
242	HoÌ‚m Nay Em CuÌ›oÌ›Ìi RoÌ‚Ì€i (Lofi Ver.) - KhaÌ‰i ÄaÌ†ng x Freak D .mp3
243	Son Tung MTP - Noi Nay Co Anh - M.A Mix
244	Thu CuoÌ‚Ìi Remix | Mr T x YanBi x HaÌ†Ì€ng BingBoong | Tilo ft Snoew Remix | TikTok GaÌ‚y NghieÌ£Ì‚n By CHUN
245	Nháº¡c Tráº» Remix 2021 Hay Nháº¥t Hiá»‡n Nay, NONSTOP 2021 Bass Cá»±c Máº¡nh,Viá»‡t Mix Dj Nonstop 2021 Vinahouse
246	TOP TRACK TILO MIX 2021 | NHáº C HOT TIKTOK VIETMIX
247	(Demo Viá»‡tMix CÄƒng 2h)- Thay LÃ²ng - BÃ¬nh Há»“ Mix - LiÃªn Há»‡ Mua Nhac Zalo 0901.3333.85 GiÃ¡ Æ¯u ÄÃ£i
248	Mixtape - My Style My Name Vol 11 - TILO MIX ( GAIA LOUNGE HN GIFT )
249	âœª NST - 45 Track Addict TÃ¢n Tháº¿ Giá»›i REC Vol 4 - DJ Lá»±c Alex Mix
250	Nonstop Vinahouse 2018 - Nháº¡c DJ Full Track ThÃ¡i HoÃ ng 2018 Vol.2
251	NONSTOP BAY PHÃ’NG 2021âœˆWATCH ME HOT TIK TOK Cá»°C CÄ‚NGâš ï¸VÃ’NG XOÃY Káº¸O KE âŒNHáº C DJ VINAHOUSE Cá»°C Máº NH
252	Mixtape Vietmix 20/10 - Dj TiLo Mix
253	[Vina House ] Khac Viet - Em Lam Gi Toi Nay ( Daniel Mastro Mix )
254	Nonstop 2021 Hay (Äá»˜C) - Thá»‘c Káº¹o 2021 - Äáº³ng Cáº¥p Nháº¡c Bay PhÃ²ng -  DJ Máº¥t XÃ¡c
255	Deep Sea x Váº½ KhÃ³i - Triple D feat Rhymastic & Thanh Nguyen [NYANFOXES Pres. LOFEAR MASHUP]
256	#Rosita - Vietmix By JuongB
257	Nonstop Vol,6 - Trai Tim Ai Cung Biet Äau - DJ Banana (HÃ¹ng justin Äá»—)
258	????? - NgÆ°á»i ChÆ¡i Há»‡ Äáº¹p - TiLo x NhÃ­  Remix
259	Nonstop DÃ© Tiáº¿p Äi Vol 9 Full - DJ Báº£o Teng Rimex
260	Nháº¡c XÃ£ Há»™i - Nháº¡c Bay PhÃ²ng Vip - TCT MUSIC VOL 20 (Mua full: 0971345286)
261	Nonstop - Vol.17 - MÃ¹a CÃ´ Vi - DJ BANANA (Chuoi Tay)
262	Nonstop Vinahouse 2017 - NST Full Track ThÃ¡i HoÃ ng - DJ Triá»‡u Muzik - Nháº¡c SÃ n Hay Má»›i Nháº¥t 2017
263	Mixtape Cá»• Lá»• XÄ© - My Style My Name Vol 18  - TILo Mix ( Special gift for Titan Lounge )
264	Mixtape - LINH KU IN TOKYO - JAPAN | VINAHOUSE  2019
265	Ghá»‡ Äáº¹p - Pi Seven (Pi7) Remix (Full Master)
266	ÄÃ¡nh Máº¥t Em X Tháº¿ ThÃ¡i Remix - NONSTOP Vinahouse Nháº¡c Tráº» DJ Viá»‡t Mix Remix 2021 Má»›i Nháº¥t Hiá»‡n Nay
267	Clubringer - Sound of My Dream (ED SPACE Remix)
268	Nst 2021 - Viá»‡t Mix ThaÌi HoaÌ€ng - Tuáº¥n Min
269	Chill Room With BroBear Remix (Vol 9) - BiTeddy Remix
270	Vietmix R365.Win Quay HÅ© Äi - Tilo Remix
271	New Viet Mix 2021 - Ok ft Cá»© Ngá»¡ LÃ  Anh & Ta ÄÃ¢u CÃ³ Say & Hoa Ná»Ÿ KhÃ´ng MÃ u - By Dj TANTENGG
272	V-Bass â— BigDaddy - Máº©y Tháº­t Máº©y - ( TiLo Remix )
273	Nháº¡c Tráº» Remix TikTok 2022 - Nháº¡c Tráº» Remix Hay Nháº¥t Hiá»‡n Nay - Nonstop 2022 Viá»‡t Mix
274	Dont Hurt - Long Nháº­t remix ( TILo fix )
275	VIá»†T MIX BAY PHÃ’NG 2021 / DJ TCT MUSIC 0971345286 / NONSTOP ÄI BAY HAY NHáº¤T TRÃI Äáº¤T
276	LoÌ›Ì€i YeÌ‚u NgaÌ‚y DaÌ£i 2021 (feat. Chan Nimith & Parda Kong)
277	Mixtape Vietmix 2021 -Sung TÆ°Æ¡i LÃªn LuÃ´n - R365.Win Quay HÅ© Äi - TiLo Mix - HOT TIKTOK - HOT TREND
278	Illusion Chiao Remix 2021 Full
279	VIETMIX - 24H OFF LIVE (Vol2) Hiá»‡p_QT Mix
280	TRÃ”I PHIÃŠU 2019 - TRÄ‚M NÄ‚M KHÃ”NG QUÃŠN - DJ TRIá»†U MUZIK mix
281	Táº¿t Äong Äáº§y - Kay Tráº§n X Nguyá»…n Khoa X Duck V X Homieboiz (BÃ”N Remix)
282	Mixtape VietDeep Mix - My Style My Name vol 16 - TiLo Mix
283	Special Summer 2021 - Chill Out - Soi Dolce Mix
284	Pi Se7en | Hit 1 Line Sao PhÃª ÄÆ°á»£c Ba ft. JayT (Original Mix)
285	HPBD To Me ( 19 - 10 ) -Minh Mabu Vol 4
286	K-ICM, T-ICM, Kelsey, Zickky - Di Di Di vs Nevada (Daniel Mastro Mashup)
287	ÄÃ¢u CÃ²n ÄÃ¢y (Orinn Remix) - Nal X Lee Ken - Nháº¡c Tráº» Remix Hot Tik Tok CÄƒng Cá»±c GÃ¢y Nghiá»‡n 2021
288	The Chainsmokers - Don't Let Me Down ft. Daya (Hipst3r Edit)[FREE DOWNLOAD]
289	NONSTOP VIETMIX 2021 || BXH TÃ¢m Tráº¡ng - QuÃªn Má»™t NgÆ°á»i Tá»«ng YÃªu ft Em Há»©a Tháº¿ NÃ o - Quá»‘c Viá»‡t Remix
290	(DEMO 2h) VIETMIX TÃ‚M TRáº NG TAN CHáº¢Y - BÃŒNH Há»’ MIX - LIÃŠN Há»† MUA NHáº C ZALO: 0901.333385
291	Quan SÆ¡n Tá»­u - Natra FINAL (TH Team)
292	CÃ¢u Há»©a ChÆ°a Váº¹n TrÃ²n ( Äáº¡i MÃ¨o Remix) PhÃ¡t Huy T4 | Nháº¡c Chill Hot TikTok 2021
293	Charlie Puth - River (MXS Chillteg) FREE DOWNLOAD
294	Sea Sea 4 - PTN Ft PiLuanTruong
295	Cá»™t Má»‘c 2018 - Phi ThÃ nh Mix(Nonstop Vol 6 - ReUp)
296	Aaron Smith - Dancin (Remix by KRONO)
297	Where Is Your Love (Music Video Out Now)
298	I Need Your Love Tonight  Track ThÃ¡i HoÃ ng
299	Imagine Dragons - Believer (Remix)
300	Finding Hope - 3:00 AM
301	CON QUY LIEU China ( MUSB NHOM ) - TBYNZ Style TH
302	Lana Del Rey - West Coast - Solomun Remix
303	Wild
304	Moonlight Romance (Lo-fi Edit)
305	Trang GiaÌ‚Ìy TraÌ†Ìng Remix | HaÌ€ Nhi Cover ft Ben Heine
306	Thai Binh Mo Hoi Roi
307	BAY PHÃ’NG  - THANH LONG Báº CH Há»” VER 1 - HÆ¯NG BB
308	Ylang Ylang - Fkj (slowed)
309	Nonstop Team ThÃ¡i HoÃ ng 2021
310	ZAYN - Dusk Till Dawn (Marin Hoxha Remix) ft. Sia [Free]
311	Over The Horizon By SUGA Of BTS
312	NTBN- NhÆ° Má»™t NgÆ°á»i DÆ°ng - QM Mix X HuuDong
313	NgÃ y ChÆ°a GiÃ´ng BÃ£o - Natra Ft Gold ( tik tok )
314	Summer '97 ft. Muzzy Bearr
315	Vicetone - Way Back (feat. Cozi Zuehlsdorff)
316	Nháº¡c Tik Tok Trung Quá»‘c Remix 2019, Nonstop Nháº¡c Trung Quá»‘c 2019, Tuyá»ƒn Táº­p Nháº¡c Hoa Ngá»¯ Hay Nháº¥t
317	SÆ N TÃ™NG M-TP | MUá»˜N Rá»’I MÃ€ SAO CÃ’N | AlidaXXI Remix
318	Major Lazer & DJ Snake - Lean On (feat. MÃ˜)
319	Imagine Dragons - Natural (Jagsy, Vosai & Tom Wilson Remix)
320	Nhac Song Nao Delta Giup Ngu Sau
321	Vung Ky Uc - Chillies
322	Burn It All Down
323	I SEE RED
324	ê²€ì •ì¹˜ë§ˆ(The Black Skirts) - EVERYTHING
325	ã€Eve - å‘ªè¡“å»»æˆ¦ / Kaikai Kitanã€Jujutsu Kaisen OP full
326	Apocalypse
327	Máº¤Y KHI (Official Audio) - The Flob
328	i love you so - the walters, slowed + reverb ( i love you so please let me go )
329	As The World Caves In
330	Wake Me Up - Avicii
331	EM OII (Official Audio) - The Flob
332	Touch You - Yarichin Bitch Club Full Ver
333	I Can't Handle Change
334	Where'd All The Time Go
335	505, slowed - Arctic Monkeys
336	Freaks ~ surf curse
337	Nothing's Gonna Hurt You Baby
338	ì–´ë• ì„ê¹Œ (feat. ê¹€ì¢…ì™„ of NELL)
339	THE RIGHT JOURNEY
340	Ravens Rock - Drive Forever
341	happier than ever (second part) - billie eilish (slowed + reverb)
342	06 Con Mua Thang 5
343	Strawberry Guy - Mrs Magic
344	Kiss The Rain (Rainy Mood)
345	BTS - Spring Day
346	Kaleo - Way Down We Go
347	YOUNG
348	Louder Than Bombs except it's a 2009 emo classic
349	ROAR - I Cant Handle Change
350	The Middle East - Blood
351	Star Sky
352	JOJO's Bizarre Adventure Golden Wind O.S.T vol.1 Overture - il vento d'oro ( Giorno's Theme )
353	ã€ŒYOASOBI - å¤œã«é§†ã‘ã‚‹ã€Racing into the night { bass cover by vndergeass }
354	BEZOS I
355	Notion
356	Victory
357	Steve Lacy - Dark Red (slowed)
358	Sold Out Remix - Hawk Nelson - Nháº¡c TikTok 2021
359	Angel With A Shotgun
360	BTS - Fix You
361	Rainy days- Lofi type beat to relax and study to
362	18.  Warriors
363	5AM - CÃ Há»“i Hoang
364	Freaks (Surf Curse)
365	Attack on Titan - FULL Opening 3 Shinzou wo Sasageyo  (2017)
366	Surf Curse-Freaks
367	Nightcore â†’  The Other Side Of Paradise by Glass Animals
368	Tokyo Revengers - Opening Full [Cry Baby]
369	Mot Dieu La Mai Mai
370	Courtesy Call
371	Linh caÌ‰m tim em-NgoÌ£c Kara
372	CO CHANG TRAI VIET LEN CAY - PHAN MANH QUYNH  AUDIO LYRIC OFFICIAL
373	âœª Live Show Há»‘ Äen Tebul(Vol6)Asia Club - DJ Lá»±c Alex - Mua Báº£n Full 3H LiÃªn Há»‡ Zalo:09-7171-0606
374	ThÃ¡ng NÄƒm (Lofi Ver.) - Soobin x Freak D
375	TruÌ MuÌ›a - Remake by TSEN
376	Your Man - Josh Turner
377	Summer Music Mix 2021 - Best Vocals Deep House, Nu Disco, Chill Out Music - Deep Feeling Mix
378	Old Town Road (I Got The Horses In The Back) [Prod. YoungKio]
379	My Time -  Kiss Goblin
380	Nonstop - Táº¡m Biá»‡t NhÃ© NgÆ°á»i Anh YÃªu Remix - LÃªnh ÄÃªnh Remix - Nonstop Viá»‡t Mix
381	Dua Lipa, Coldplay, Martin Garrix . Kygo, The Chainsmokers Style - Feeling Me .172
382	Ná»“ng Say Remix Ft Rá»’I Tá»šI LUÃ”N REMIX - NONSTOP Vinahouse DJ Remix Hot TIK TOK Hay Nháº¥t
383	Mega Hits 2021 ğŸŒ± The Best Of Vocal Deep House Music Mix 2021 ğŸŒ± Summer Music Mix 2021 #1008
384	? - Seachains
385	CuÌƒng ÄuÌ›oÌ›Ì£c - TaÌ‚n TraÌ‚Ì€n x Freak D  Official Lyrics Video
386	TÃ¡o  Blue Tequila
387	An tháº§n (No Tune) Tháº¯ng & Low G
388	CHá»ˆ CÃ“ MÃŒNH EM [Official Audio] YUANTH
389	ÄÃ¢u CÃ²n ÄÃ¢y Remix Ft CÃ´ ÄÆ¡n DÃ nh Cho Ai Remix - NONSTOP DJ 2022 Vinahouse LK Viá»‡t Mix Bass Cá»±c CÄƒng
390	Sá»© Thanh Hoa æ¸…åŒ–ç“· Remix (DJ å’šé¼“ç‰ˆ) || Nháº¡c Ná»n Tiktok Trung Quá»‘c GÃ¢y Nghiá»‡n | Douyin Music
391	Cáº£m Æ n Em ÄÃ£ ThÆ°Æ¡ng Anh Remix, Rá»“i Tá»›i LuÃ´n Remix - NONSTOP Vinahouse Remix Hot TIK TOK Trending #1
392	TÃ¬nh ThÆ°Æ¡ng Phu ThÃª Remix - YÃªu LÃ  CÆ°á»›i Remix - KhuÃª Má»™c Lang Remix Tik Tok - Nonstop 2021 Viá»‡t Mix
393	Háº¹n Em Kiáº¿p Sau Remix (Phong Max remix) - LÃ£. x Duy PhÃºc x TiB || Nháº¡c Chill Ke Hot Trend 2020
394	Send It - Slowed
395	Yeulamchi 2020 - ElsoqxNaclQ
396	Nghe Em - Thá»‹nh Suy
397	Shibayan Records x deadman æ­»äºº - Tiny Little Adiantum (Remix) [Omae Wa Mou]
398	Anh Ä‘á»£i em nÃ y - Thanh HÆ°ng
399	remix hong mai phi doan tich mien tieu dien am nhac xa -4948692079202953806
400	[ Sad Lofi ] BÃ´ng Hoa Cháº³ng Thuá»™c Vá» Ta - VIá»†T x DEUS
401	LOM (à¸¥à¸¡/Wind/GiÃ³ Æ i) | Num Kala | OST A Tale Of A Thousand Stars
402	NgÆ°á»i Tá»«ng NÃ³i Bao CÃ¢u Háº¹n Æ¯á»›c Remix TikTok - Náº¿u Em KhÃ´ng Háº¡nh PhÃºc Remix - Nonstop 2021 Viá»‡t Mix
403	YÃªu LÃ  CÆ°á»›i Remix - CÃ¢u Há»©a ChÆ°a Váº¹n TrÃ²n Remix - TÃ¬nh ThÆ°Æ¡ng Phu ThÃª Remix - Nonstop 2021 Viá»‡t Mix
404	Mashup Cash Cash  Hero X Sweet Scar  Ikyy Pahlevii Remix
405	VieÌ£Ì‚t Nam I Love | Mai ChiÌ CoÌ‚ng, ThieÌ£Ì‚n NhaÌ‚n, HoÌ‚Ì€ng Minh, NhaÌ£Ì‚t Minh, Quang Anh vaÌ€ caÌc talent kids
406	Anh Ta Vá»‘n DÄ© GiÃ u Sang Remix - Náº¿u Em KhÃ´ng Háº¡nh PhÃºc Remix - NgÃ£ Äau Remix - Nonstop 2021 Viá»‡t Mix
407	Ost Anne Happy - Michino Timothy Kimino Kimochi
408	HÃ  Ná»™i 12 MÃ¹a Hoa - DÆ°Æ¡ng HoÃ ng Yáº¿n
409	Tonymix Mixtape 2021 Kout Loray La
410	ChÆ°a Bao Giá» Em QuÃªn Remix - Thay LÃ²ng Remix - CÃ¢u Há»©a ChÆ°a Váº¹n TrÃ²n Remix - Nonstop 2021 Viá»‡t Mix
411	LiÃªn khÃºc Sao em ná»¡ vá»™i láº¥y chá»“ng (LÃ¡ DiÃªu BÃ´ng) - Ngáº«u há»©ng lÃ½ qua cáº§u - HÃ  Anh Tuáº¥n
412	mÆ°a Æ¡i Ä‘á»«ng buá»“n tháº¿ | LIVE RECORDING | Báº¢N DEMO
413	An HÃ  Kiá»u Remix - Phong Max remix || Nháº¡c Buá»“n TÃ¢m Tráº¡ng Remix 2020 - Nháº¡c Chill Ke Remix 2020
414	GÃµ Cá»­a TrÃ¡i Tim Remix - Há»i Vá»£ Ngoáº¡i ThÃ nh Remix - Lk DJ Remix 2021 Vinahouse Tik Tok Bass Cá»±c Máº¡nh
415	01. Dap Mo Cuoc Tinh - Quang Le Bang Kieu Dan Nguyen
416	Norah Jones - Don't Know Why (cover)
417	TÃ¬nh YÃªu Hoa GiÃ³ - LÃª Quang Minh Äá»©c (NHA Cover) IOUV - BNWVlI
418	Helen Live - NÃ€NG THÆ  Xá»¨ HUáº¾ - THUá»² CHI - - Live Session SS2 #28
419	TÃ¬nh ThÆ°Æ¡ng Phu ThÃª Remix - KhuÃª Má»™c Lang Remix - YÃªu LÃ  CÆ°á»›i Remix - Nonstop 2021 Viá»‡t Mix
420	Dem Mua Nho Me - Ho Van Cuong
421	TÃºy Há»“ng Nhan - Nháº¡c KhÃ´ng Lá»i Buá»“n Tháº¥u Tim -  - Nháº¡c thiá»n - tÄ©nh tÃ¢m - nháº¡c khÃ´ng lá»i
422	Night Of The Piano
423	Nháº¡c buá»•i sÃ¡ng khÃ´ng lá»i cho quÃ¡n CÃ€ PHÃŠ PHÃ’NG TRÃ€ Nháº¡c HÃ²a táº¥u Guitar Organ ThÆ° giÃ£n
424	30 báº£n Äá»™c táº¥u Guitar Nháº¡c Trá»‹nh khÃ´ng lá»i hay nháº¥t
425	As she passes
426	Baby Lullaby Music - Brahm's Lullaby (Cradle Song)
427	Spirited Away
428	Brahms' Lullaby - Orchestral Musicbox Lullaby For Babies
429	"Howls Moving Castle Theme (Originally from ""Howl's Moving Castle"") by Anime Kei"
430	co hen voi thanh xuan(feat. Goliverr)
431	W.A. Mozart - Twinkle Twinkle Little Star Lullaby (Ah, vous dirai-je, Maman)
432	serenade to chicha (rough)
433	Ludovico Einaudi - Experience
434	Flower Day -(Launchpad Piano Cover) -Adam
435	Merry-Go-Round of Life from Howl's Moving Castle
436	CoÌ heÌ£n vá»›i thanh xuaÌ‚n (Piano)- Monstar
437	fukashigi no carte (piano)
438	Stuff we did (married life) slowed down
439	Always With Me
440	Canon In D (Piano & Cello)
441	Beethoven - Moonlight Sonata (Glenn playing on a Steinway D)
442	The Heart of Reiki
443	pluto projector violin part slowed reverb - rex orange county.mp3
444	ChÃºng Ta Cá»§a Hiá»‡n Táº¡i - SÆ N TÃ™NG M-TP (COVER) | PIANO BEAT
445	Tay Náº¯m Tay Rá»i - Pháº¡m ÄÃ¬nh ThÃ¡i NgÃ¢n | Piano solo
446	GymnopÃ©die No.1 - Satie
447	nhung bai nhac khong loi nhe nhang instrumental piano cover nhung bai hat khong loi hay nhat
448	nhac spa bich lien skin care giup thu gian de ngu 776862
449	Piano KhÃ´ng Lá»i Hay Nháº¥t GiÃºp Ngá»§ Ngon - Nháº¡c Ru Ngá»§ KhÃ´ng Lá»i Nháº¹ NhÃ ng Hay Nháº¥t
450	Album Vá» QuÃª - Saxophone Tráº§n Máº¡nh Tuáº¥n  - Nháº¡c thiá»n - tÄ©nh tÃ¢m - nháº¡c khÃ´ng lá»i
451	Pachelbel Canon in D - Solo Piano
452	Tá»« Ä‘Ã³ Piano
453	Isabella's Lullaby - Piano
454	11 ThÃ¡ng 5 NgÃ y (Emotional Version)
455	Crown Him With Many Crowns
456	We Move Lightly
457	Clair de Lune - Debussy
458	Experience
459	[Full Piano Ver.] Seishun Buta Yarou wa Bunny Girl Senpai no Yume wo Minai â€œFukashigi no Carteâ€
460	Tuyá»ƒn Táº­p Nháº¡c KhÃ´ng Lá»i Nghe PhÃ²ng TrÃ  Hay Nháº¥t - Nháº¡c thiá»n - tÄ©nh tÃ¢m - nháº¡c khÃ´ng lá»i
461	Prismatic Duo - bandori event BGM
462	The Promise of the World - Merry Go Round of Life - Joe Hisaishi
463	Mozart - Requiem in D minor Complete Full
464	HAUSER - Mia  Sebastianâ€™s Theme - La La Land -
465	Project_Mon Amour Laurent
466	Genshin Impact Ost - Clear Sky Over Liyue
467	Song From A Secret Garden
468	Nils Frahm â€“ Ambre
469	Em cÃ³ á»•n khÃ´ng ? - Eric Chou - Piano cover
470	Diao Chan - WaVe Star (Piano Inst.)
471	Howl's Moving Castle OST - Merry Go Round of Life
472	í—¤ì´ì¦ˆ (Heize) - ë‚´ ë§˜ì„ ë³¼ìˆ˜ ìˆë‚˜ìš” (Can You See My Heart) [í˜¸í…” ë¸ë£¨ë‚˜ - Hotel Del Luna OST Part 5]
473	Levon Minassian & Armand Amar- Tchinares
474	Loco & Punch (ë¡œê¼¬ & í€ì¹˜) - Say Yes (Moon Lovers Scarlet Heart Ryeo OST Part 2)
475	Le Silencieux
476	Howl's Moving Castle Soundtrack  -Flower Garden-
477	Two Steps From Hell - Star Sky
478	â˜†RADWIMPS - ãªã‚“ã§ã‚‚ãªã„ã‚„ Nandemo nai ya (OST Kimi no Na wa. (Your Name.) ã€Acoustic Ver.ã€
479	Last Reunion
480	Genshin Impact OST - This Little Light Of Mine (Guyun Stone Forest)
481	Deadwood - by Really Slow Motion
482	Inuyasha OST 3 25 - Futari No Kimochi
483	Theme from Love Story
484	Beige (ë² ì´ì§€) - ê·¸ë¦¬ì›Œ ê·¸ë¦¬ì›Œì„œ (ë¼ì˜¨ Ver.) (Because I Miss You) [Moonlight Drawn by Clouds OST Part 8]
485	Anastasia - Once Upon a December
486	Futari No Kimochi
487	Call of Silence
488	Scattered Amongst The Tides
489	Taeyeon (íƒœì—°) - All With You (Moon Lovers Scarlet Heart Ryeo OST Part 5)
490	Flow
491	Attack On Titan Season 2 OST 05 - Call Of Silence
492	Fairy Tail main theme
493	One Piece Soundtrack - Brook Bink's Sake (Violin)
494	é€²æ’ƒgt20130218å·¨äºº
495	Epik High (Ft. Lee Hi) â€“ Can You Hear My Heart - Scarlet Heart Ryeo OST6 - [Piano cover- CAM]
496	Orange - 7!! [Shigatsu Wa Kimi No Uso]slowed + Muffled Ver.
497	Reply 1988 OST Part 4 Hyehwadong(í˜œí™”ë™)- Park Boram (ë°•ë³´ëŒ ) - Beat & Instrumental
498	January
499	Ost. Scarlet Heart Ryeo (ë‹¬ì˜ ì—°ì¸-ë³´ë³´ê²½ì‹¬ ë ¤) - My Love (ë‚´ ì‚¬ë‘) - Lee Hi (ì´í•˜ì´) Cover
500	BanG Dream! - Prismatic Duo Event Theme - Good Night
501	K-Drama HOTEL DEL LUNA OST(í˜¸í…”ë¸ë£¨ë‚˜ Ost) 'Another Day' (Monday Kiz, Punch) Piano & String Cover
502	Toby Fox - UNDERTALE Soundtrack - 85 Fallen Down (Reprise)
503	A Thought is Haunting Me
504	Caitlyn, the Sheriff of Piltover
505	My Girlfriend is a Gumiho OST - Fox Rain (ì—¬ìš°ë¹„) (Acoustic Ver.)
506	Moon Lovers; Scarlet Heart Ryeo OST Full Album
507	Gummy (ê±°ë¯¸) - êµ¬ë¥´ë¯¸ ê·¸ë¦° ë‹¬ë¹› [Moonlight Drawn by Clouds OST Part 3]
508	Warrior
509	Re:Zero OST Subaru-Emilia by Kenichiro Suehiro
510	Westworld
511	I May Be Some Time
512	My Lie (ç§ã®å˜˜) ï½ PianoSolo - Your Lie In April OST
513	BIG SHOT
514	Cute Things
515	Dragonmancer - 2021
516	Howl's Moving Castle - Merry-Go-Round of Life(lofi cover)/ãƒã‚¦ãƒ«ã®å‹•ãåŸ - äººç”Ÿã®ãƒ¡ãƒªãƒ¼ã‚´ãƒ¼ãƒ©ãƒ³ãƒ‰
517	Moonlike Smile
518	My Castle Town
519	Glassy Sky - Tokyo Ghoul âˆšA - OST [FULL]
520	Delectatio - Numinous [Silk Music]
521	The Process
522	Deep Sleep, Calming, Relaxing and Soothing Music(Check links on bio to download free music)
523	(0s - 1h 13m 55s) [ Peaceful Relaxing Soothing ] Meditation - Monoman
524	Reiki Zen Meditation Music | Relax your Mind and Body | Soothing Music
525	Chill Day
526	Brahms Lullaby Extended Version - Super Soft Soothing Baby Musicbox Sleep Lullaby Hushaby Berceuse
527	Ultra Sleep Tibetan Music: Sleep Hypnosis, Music for Deep Sleep
528	Spiritual Ascension Music | Healing Voices | Sleep Background - Meditation - Reiki - Yoga - Study
529	Fink - If Only
530	Om Mani Padme Hum
531	Wonderful Lullabies - Lullaby No. 11 - Super Soft Soothing Calming Relaxing Baby Sleep Music
532	Piano Lullaby No. 6 - Super Soft And Relaxing Baby Sleep Music - Sweet Dreams - Free Download
533	Lofi-Chill melody played by randomness (2)
534	Relaxing Piano Music â€“ work, study, meditation â€“ relaxdaily NÂ°045
535	3 HOURS Relaxing Music With Water Sounds Meditation
536	BINAURAL Thunderstorm & Rain | 3D-Audio-Experience - WEAR HEADPHONES
537	Deep Shamanic Meditation- Relaxing Powerful Meditation Music For Deep Relaxation, Sleep Music 030
538	RelaxingVibe - Twilight (project by Frank Iengo)
539	Come Snow - Wind & Wave
540	Better Days
541	06 Norah's Lullaby - Super Soft Calming Relaxing Baby Sleep Music Nursery Rhyme Bedtime Hushaby
542	Mia's Lullaby - Super Soft Calming Relaxing Baby Sleep Music Bedtime Nursery Rhyme For Sweet Dreams
543	3 HOURS Relaxing Music   Yoga Background   Meditation   Spa   Massage   Sleep   Study[1]
544	Piano Lullaby No. 7 - Super Soft Soothing Calming Relaxing Baby Bedtime Lullaby For Sweet Dreams
545	Relaxing sound of a 2 Hour Shower: White Noise water sounds to help you or baby sleep
546	Relaxing Rain & Loud Thunder (Ambient Calm Field Recording for Sleep, Relaxation Meditation, Yoga)
547	Lullaby No. 6 - Orchestral Musicbox Lullaby for Babies - Super Soothing Baby Sleep Music
548	Relaxing Rain and Thunder Sound , Sleep Meditation
549	The Eden Project - Circles
550	The Best Relaxing Music Ever  Ocean  Flute  Piano  - Background Healing Sleep Music
551	Relaxing Music | Deep Sleep Music Delta Waves 432 hz | Background for Sleeping & Meditation
552	NÂ°094 - Relaxing Piano Music - smooth, yoga, study, relax
553	Relaxing Sound Of An English Countryside Stream With Birds Singing for 10 minutes
554	ASTRAL PROJECTION MUSIC: lucid dreaming binaural beats | Deep Sleep Meditation Music
555	Relaxing Music for Stress Relief. Calm Music for Sleep Meditation, Healing Therapy, Study, Spa, Yoga
556	The Light (Acoustic Version)
557	Ethereal Adventure ~ Ambient Healing 432Hz Yoga, Relax, Meditation, Sleep
558	Lullaby No. 23 (Extended Version)- Super Soothing Relaxing Baby Sleep Music Bedtime Hushaby Berceuse
559	Late Night Chill (calm piano music) study focus chill relaxing sleep music
560	Rain Sounds - Sound Of Rain Nature Sounds, Rain Sound White Noise For Relaxation Meditation
561	Marconi Union - Weightless
562	Relaxing Music â€“ e.g. for studying, yoga or to calm and slow down â€“ relaxdaily NÂ°056
563	Sleep Music with Ocean Sounds and Isochronic Tones
564	Relaxing sound of a 10 minute Shower: White Noise water sounds to help you or baby sleep
565	Thunderstorm Sounds(Long Recording) Relaxing Rain & Thunder Sounds for Sleep, Insomnia or Study ğŸŒ§ï¸
566	05 Mia's Lullaby - Super Soft Calming Relaxing Baby Sleep Music Nursery Rhyme Bedtime Hushaby
567	10 Anthony's Lullaby - Super Soft Calming Relaxing Baby Sleep Music Nursery Rhyme Bedtime Hushaby
568	Beautiful Bamboo Flute Zen Relax Music & Nature Tropical Forest Sounds Meditation Sleep
569	Vivian's Lullaby - Super Soft Piano Sleep Music Nursery Rhyme For Babies Kids Toddlers
570	Summer Special Super Mix 2021 - Best Of Deep House Sessions Music 2021 Chill Out Mix by Drop G
571	DEEP HOUSE SUMMER MIX 2 - AHMET KILIC
572	Summer Mix | Best Of Kygo Mix 2021 | Best Of Tropical Deep House Music Chill Out 2021
573	"GRUSI - MIXTAPE MUSIC SUMMER "" Have it your way""  VOL 3 | Deep House, Deep Chill, Tropical House"
574	Creep (feat. Ember Island)
575	Jay Sean - Ride It (Regard Remix)
576	Full Premiere: Downtown Party Network Ft. Egle Sirvydyte - Space Me Out (2014 Version)
577	Nonstop - Vocal Deep ( dÃ nh riÃªng cho cuá»‘i cuá»™c chÆ¡i ) - Dj Tino Mix
578	Blvmenkind - Dream With You (feat. Sam Darton)
579	ÄÃ¢y LÃ  ÄÃ i Tiáº¿ng NÃ³i VIá»†T NAM Mixset 2021 - Deep House, G House, Brazilian Bass Mixset
580	Deep Chills - Blinded (feat. Emma Carn) [FREE DOWNLOAD]
581	[SET] Bac si Hai @ The Opera Ha Noi 20.7.2017
582	"GRUSI - MIXTAPE MUSIC SUMMER "" Have it your way"" VOL 5 | Deep House, Deep Chill, Tropical House"
583	Matt Simons - Catch & Release (Deepend Remix) - [OUT NOW!!]
584	nomero - bad habits
585	Tropical Deep House | Summer Mix 2021 | KYGO - SIA - ZAYN - DEAMN - ED SHEERAN by ALEX LOYKO
586	Deep House Mix #25 2014 HD | Best Deep & Lounge Chill Music
587	Goya - Higher Life
588	Vijay & Sofia Zlatko, KasÃºal feat. Xavier Dunn - Fuckin' Problems
589	Alex Cruz - Sweet Child ft. Gabbi Lieve (Original Mix 128kbps)
590	MÃ–WE - Birds Flying High (FREE Download)
591	Summer Special Super Mix 2017 - Best Of Deep House Sessions Music 2017 Chill Out Mix By Drop G
592	Kygo Mix 2021 - Summer Mix 2021 - Best Deep & Tropical House Chill Out Dance Music Mix 2021
593	Best Deep & Tropical House Chill Out Dance Music Mix 2021 â†’ Kygo & Avicii, The Chainsmokers Style
594	Mr. Probz - Nothing Really Matters (Kav Verhouzer Remix)
595	Robin Schulz - Sugar (EDX's Ibiza Sunrise Remix)
596	Wiz Khalifa ft. Charlie Puth - See You Again (KLYMVX & Hitimpulse Remix)
597	Antoine Chambe - Dream Of Me
598	[ Deep House & House Viá»‡t ] Vol.3 HÆ°á»Ÿng - ChÃºng Ta... LÃ  Ãng MÃ¢y TrÃªn Trá»i Vá»™i VÃ ng Ngang Qua
599	SUMMER SPECIAL MIX 2021 ğŸŒ± BEST TROPICAL & DEEP HOUSE CHILL OUT MIX 2017 ğŸŒ± SUMMER BEACH PARTY
600	"Jr. âœ• Snoopy - ""Mayapicana"" Afterhours Mixtape"
601	Faithless - Insomnia (Calippo Remix)
602	Duke Dumont - The Giver
603	Summer Paradise 2016 - Best Of Tropical Deep House Music Chill Out  - Mix By Regard
604	Alok & Sevenn - BYOB [ FREE DOWNLOAD ]
605	Mixtape NÂ°4 - Kungs (TRACKLIST OUT)
606	Summer Special Mix 2016 - Best Of Deep House Sessions Music 2016 Chill Out Mix by Drop G
607	''All I Need'' | Best Of Vocal Deep House & Chillout Summer Music Mix 2018
608	Ben Phipps - I Don't Think So
609	Lost Frequencies - Reality (Feat. Janieck Devy) (MÃ–WE Remix)
610	Ofenbach Ft. Brodie Barclay - You Don't Know Me (Need Remix)[Exclusive Premiere][Free Download]
611	Mix Set 2 - DeepHouse - Mix By Mr.PhiÃªu
612	The Best Of Vocal Deep House Chill Out Music 2015 (2 Hour Mixed By Regard )
613	NU DISCO / INDIE DANCE SET 1 - AHMET KILIC
614	fractal system & tough art - collors - snippet - [mxfd010]
615	Moby - Almost Home (Vijay & Sofia Zlatko Remix)Snippet
616	Arilena - Nentori ( Zeni N Deep House Remix) FREE DOWNLOAD
617	Deep TrÃ´i 3 - ChÃ¡nh niá»‡m (Nháº¡c deep house chill trÃ´i tá»« Ä‘áº§u tá»›i cuá»‘i) - TUNGNT Mixset
618	DJ Silviu M - Feel Happy - Deep Music Mix Vol 1 (13 November 2020) Www.djsilvium.com
619	The Paper Kites - Bloom (Alex Cruz & No One 32 Private Edit)
620	Fly Me To The Moon - Lofi Cover (Prod. YungRhythm)
621	fly me to the moon
622	Fly Me To The Moon - Frank Sinatra (Cover) By The Macarons Project
623	Frank Sinatra - Fly Me To The Moon
624	Cover - PhÃ³ng Em LÃªn Cung TrÄƒng (Fly Me To The Moon - Frank Sinatra) -
625	Louis Armstrong - La Vie En Rose
626	It Might as Well Be Spring -Stacey Kent
627	Just the Two of Us
628	The Macarons Project- Fly Me To The Moon
629	Moody's mood for love
630	Again (Album Sampler)
631	What A Difference A Day Makes
632	Just the two of us (slowed)
633	Summertime
634	L-O-V-E (Nat King Cole Cover)
635	The King Cole Trio - The Very Best Of Nat King Cole - 6 - What'll I Do (2003 Digital Remaster)
636	Lullaby Of Birdland - george shearing
637	01 I Fall In Love Too Easily
638	Kenny G Greatest Hits Full Album The Best Of Kenny G
639	Nature Boy - Nat King Cole (Cover)
640	Like Someone In Love
641	Wish She Knew
642	L.O.V.E - Nat King Cole
643	Ella Fitzgerald Louis Armstrong - Dream A Little Dream Of Me
644	My Ideal (Chet baker cover)
645	Nat King Cole - (I Love You) For Sentimental Reasons
646	Have you met Miss Jones - Uptempo Jazz
647	Old Songs But It's Lofi Remix 2020
648	On a Clear day (Hareta Hi Ni) - Kiki's Delivery Service - Piano Cover
649	In The Wee Small Hours Of The Morning - Frank Sinatra
650	Frank Sinatra - Fly Me to the Moon (Cover by Shayan)
651	my one and only love
652	Fly Me To The Moon (Blue.D Cover)
653	Misty
654	Urban coffee music Jazz & Boss for Relax, Sleep, Study
655	Restaurant Music
656	Fly Me To The Moon - Frank Sinatra / Michael Buble / Yannick Bovy / Westlife  at Moon
657	Enrico Pieranunzi - Les Amants
658	í—¤ì´ì¦ˆ (Heize) - Jenga (ì  ê°€) Cover (Jazz Ver.)
659	Taking A Chance On Love
660	Whims of Chambers
661	New York Jazz Lounge - Bar Jazz Classics
662	Michael Buble - White Christmas (ft. Shania Twain) (Duet By Shayan And Donna Molavi)
663	Fly Me To The Moon - Frank Sinatra (Cover)  ReneeÌ Dominique
664	Fly Me to the Moon
665	Dream a Little Dream of Me by Mama Cass -Cover
666	Everything Happens To Me
667	Just Another Night - Jazz Quartet Ballad
668	ladyfingers - herb alpert & the tijuana brass (slow + reverb)
669	Nat King Cole - LOVE (cover)
670	Alan Walker - Faded (Osias Trap Remix) [SPOTIFY IN DESC!]
671	Sex Whales & Fraxo - Dead To Me (feat. Lox Chatterbox)
672	Twenty One Pilots - Ride (Jaydon Lewis Remix)
673	RYLLZ - Nemesis
674	BLACKPINK - â€˜ëšœë‘ëšœë‘ (DDU-DU DDU-DU)â€™ (Mackerels Remix) [Trap Music Release]
675	Black Coast - TRNDSTTR (Lucian Remix) [feat. M. Maggie]
676	Billie Eilish - bad guy (PatrickReza Remix)
677	Slow Magic - Waited 4 U (ODESZA Remix) [Thissongissick.com Premiere] [Free Download]
678	Rain Man Feat. Oly - Bring Back The Summer (Not Your Dope Remix)
679	Teriyaki Boyz - Tokyo Drift (Osias Trap Remix)
680	Keys N Krates - Dum Dee Dum (JiKay Remix)
681	Fetty Wap - Trap Queen (Crankdat Remix) âš™
682	Delax - Drop You Like
683	Melanie Martinez - Carousel (KXA Remix) *NOW ON TRAP NATION*
684	Hey Mama (DISTO Remix)
685	Skan & Krale - No Glory (ft. M.I.M.E & Drama B)
686	Fabian Mazur & Snavs - Arena
687	Snoop Dogg - Drop It Like It's Hot (Tim Gunter Remix)
688	Hucci & Stooki Sound - Ball So Hard
689	Zara Larsson - Uncover (Afterfab Remix)
690	Drake - Hotline Bling (Charlie Puth & Kehlani Cover) [Wildfellaz & Arman Cekin Remix]
691	Jetta - Id Love To Change The World (Matstubs Remix) [BakadiMusic Remake]
692	Heuse & Zeus X Crona - Pill (feat. Emma Sameth) [NCS Release]
693	League Of Legends - Legends Never Die Ft. Against The Current (BEATSMASH Remix)
694	Chief Keef - Love Sosa (RL Grime Remix)
695	Arman Cekin - Sever The Ties (ft. Esther Sparkes)
696	Pink Panther Theme Song (Trap Remix) Prod. Noax (READ DESCRIPTION!)
697	Halloween Mix 2021 by Onderkoffer ğŸ‘» ğŸƒ
698	Hardwell - Spaceman (Carnage Festival Trap Remix)
699	Marble Soda (live mashup) [video link in description]
700	M.I.A. - Bad Girls (Nonsens Remix)
701	GTA Ft. Sam Bruno - Red Lips (Aero Chord Remix)
702	PURGE
703	Jetta - I'd Love To Change The World (Matstubs Remix) NIGHTCORE VERSION
704	Lenka - Blue Skies (REVOKE REMIX)
705	Calvin Harris - Outside Ft. Ellie Goulding (Savagez Trap Remix)
706	Hermitude - The Buzz (feat. Mataya & Young Tapz)
707	Attack On Titan - Call Of Silence (Futago Bootleg Remix) [FREE DOWNLOAD]
708	Masked Wolf - Astronaut In The Ocean (Onderkoffer Remix)
709	Keys N Krates - Dum Dee Dum (NGHTMRE Remix)
710	Rick And Morty - Evil Morty Theme Song Trap Remix
711	Lukas Graham - 7 Years (T-Mass Remix) ft. Toby Romeo
712	Yellow Claw - Kaolo
713	James Mercy & Mia Vaile - A Little Less Conversation
714	Veorra & The Tech Thieves - Ghost Town (Cover)
715	Desren - Wasted Time
716	Spaces - Undone (feat. Sarah De Warren)
717	Pastlives (Luisy Trillsy Chill Trap Remix)
718	Mademoiselle - Loanh Quanh
719	Twinkle Twinkle Little Star
720	Morning Coffee (w/ Nalba)
721	Motopony - Wait for me
722	Shinitai-chan (English Cover)
723	Welcome to Wonderland
724	Sufjan Stevens - Visions of Gideon (OST)
725	Ba Ba Black Sheep
726	if i could ride a bike (w/ park bird)
727	The Wisp Sings
728	Yiruma - River flows in you
729	Yiruma - Kiss The Rain (Piano Cover)
730	River Flows in You - Yiruma (Piano Cover)
731	One Summer's Day (Joe Hisaishi; Spirited Away OST) piano cover by Russell
732	The Best Piano Cover Of AnCoong | Nhá»¯ng Báº£n Nháº¡c Piano Cover Hay Nháº¥t Cá»§a An Coong
733	20 Báº£n Nháº¡c Anime Buá»“n Hay Nháº¥t - Nháº¡c Nháº­t Báº£n Hay Nháº¥t Nháº¹ NhÃ ng ThÆ° GiÃ£n Japanese Music Relaxing
734	Secret Garden - The Promise (piano)
735	ONLY - ì´í•˜ì´ (LEE HI) Piano Cover í”¼ì•„ë…¸ ì»¤ë²„
736	The Rose - Titanic (Piano cover) {FREE DOWNLOAD} - Debut EP Available now
737	The Best Of YIRUMA Yirumas Greatest Hits Best Piano
738	Tá»« ÄÃ³ - Phan Máº¡nh Quá»³nh (Máº¯t Biáº¿c OST)| Piano Cover
739	Flower Day - Hwang Jin Yi OST - Piano Cover
740	The Sound Of Rain - Sad Piano Song by BigRicePiano
741	Ã‚m Tháº§m BÃªn Em - SÆ¡n TÃ¹ng M-TP (piano version by Khoa VÅ©)
742	She Neva Knows ( Piano Version )
743	INUYASHA - Sango's Theme (Piano Cover)
744	Hidden Treasure
745	Spirited Away - Name of Life (Piano)
746	Mike Lazarev - Impromptu 03.09
747	Because I Miss You piano
748	Through The Night (á„‡á…¡á†·á„‘á…§á†«á„Œá…µ) - IU (ì•„ì´ìœ )
749	MuÌ€a Xa Nhau - Emily - Piano Cover An Coong
750	"Relaxing Piano Music ""Flying"" + PIANO SHEET  https://www.mikeyesmusic.com/"
751	Lasting Impressions | Lisa Swerdlow
752	å‡›ã¨ã—ã¦æ™‚é›¨ - Unravel (piano Cover) [Tokyo Ghoul OP]
753	How Do I Find My Bliss? - piano relaxing music, focus, study, stress relief, reflecting music
754	Sakura Nagashi (æ¡œæµã—) Utada Hikaru (å®‡å¤šç”°ãƒ’ã‚«ãƒ«) Piano cover by Paul Carter
755	Roberto Cacciapaglia - Wild Side (Piano Cover) + SHEETS
756	Umi no Mieru Machi (A Town with an Ocean View) - Kiki's Delivery Service - Piano Cover
757	Endless Love {Piano Version}   Beautiful Piano
758	the man who smokes red marlboro
759	BÃ´ng Hoa Äáº¹p Nháº¥t - QuÃ¢n A.P (COVER) | PIANO BEAT
760	To Zanarkand (Final Fantasy X Cover)
761	Laputa Castle in the Sky Piano Theme by Joe Hisaishi
762	"Frozen OST - ""Let It Go"" piano cover"
763	Maia
764	Ludovico Einaudi - Nuvole Bianche
765	Endless Love - Piano Cover - Jackie Chan  ft.  Kim Hee Sun
766	ADELE - TO MAKE YOU FEEL MY LOVE (piano instrumental cover)
767	Simple Pleasures (piano relaxing music - music for studying focus stress relief create enjoy)
768	A Thousand Years (Breaking Dawn, Christina Perri Piano Cover)
769	Beautiful Sad Piano Instrumental - Open Your Mind
770	CÆ¡n MÆ°a Ngang Qua - An Coong - Piano Cover
771	O R I E N S I âœª Love Letter â™¥ Ø¥Ù„Ù‰ Ø­Ø¨ÙŠØ¨Ø© Ø¨Ù„Ø§ Ø¹Ù†ÙˆØ§Ù† Romantic music - Ù…ÙˆØ³ÙŠÙ‚Ù‰ Ø¨ÙŠØ§Ù†Ùˆ & Ø¹ÙˆØ¯ - Ø¹Ø²Ù Ù…Ù† Ø§Ù„Ù‚Ù„Ø¨
772	Spirited Away  - The Name Of Life (Instrumental Piano)
773	PURE IMAGINATION (piano instrumental cover)
774	NÆ I NÃ€Y CÃ“ ANH | SÆ N TÃ™NG M-TP | PIANO COVER BY AN COONG
775	Andrew Souter -- Still Raining There
776	Last Breath - *SAD* Beautiful Piano Song Instrumental
777	The Hanging Tree from The Hunger Games: Mockingjay (Piano and Voice cover by Dani the Girl)
778	OneRepublic - Counting Stars (Longarms Dubstep Remix)
779	You - Axol x Alex Skrindo [Buy = Free Download]
780	Skrillex & Rick Ross - Purple Lamborghini
781	Hozier - Take Me To Church [punktematrix Remix] (D/L in Description)
782	Different Heaven & EH!DE - My Heart [Free Download]
783	Skrillex - Bangarang feat Sirah
784	Disciple - We Don't Play (Rushdown Megacollab Remix)
785	Paul Wallen feat. Gigi Nally - Smells Like Teen Spirit
786	â¤ Nintendoè†£69 â™« ãƒ–ãƒ©ã‚¸ãƒ«è’¸æ°—ãƒ¢ãƒªãƒ¼ [Click More to Free Download] â¤
787	Skrillex & Damian 'Jr Gong' Marley - Make It Bun Dem
788	Panda Eyes & Teminite - High Score
789	Meg &amp; Dia - Monster (DotEXE Remix)
790	Fairy Tail Main Theme dj-Jo Remix
791	Overkill
792	Sarah Blasko - All I Want (BENY Chillstep Remix)
793	Hippie Sabotage - Stay High [Tove Lo Flip]  (STRSIK Remix)(FREE DOWNLOAD)
794	Ericovich - On My Way
795	Portz - What's Up (NEFFEX Remix) [Electrostep Nation & Free The Artists EXCLUSIVE]
796	PatrickReza - Take Me Away (Feat. Jilian)
797	Blue Foundation - Eyes On Fire (Zeds Dead Remix)
798	Skrillex & Poo Bear - Would You Ever
799	Pegboard Nerds & More Plastic - Murda
800	GTA - Red Lips (feat. Sam Bruno) [Skrillex Remix]
801	Chibs - Knock Knock (Keyto Dubz & SUN SHI Remix)
802	Strength Of A Thousand Men (Instrumental Core Remix) - Two Steps From Hell
803	Kasger & Limitless - Miles Away [NCS Release]
804	Pendulum - The Island (Madeon Remix)
805	Ease My Mind (Jai Wolf Remix)
806	Desmeon - Hellcat [NCS Release]
807	Skrillex - Kyoto feat Sirah
808	First Of The Year (Equinox)
809	Spag Heddy - Permanent
810	Beat It (Mutrix Remix) - Michael Jackson
811	BLACKPINK - How You Like That (FRNZVRGS Remix)
812	Bullet Train by Stephen Swartz ft. Joni Fatora
813	Ragga Bomb (Skrillex & Zomboy Remix)
814	Dirty Vibe with Diplo, G-Dragon, and CL
815	Sappheiros - Fading (Remake)
816	We Will Be Alright (BeeBB Remix)| D.A & Haohinh & Double Noize ft. Mai Fin, Miiharu, NÃ¢n & Fat B
817	Blackmill - Spirit of Life (Full Version)
818	Beethoven - Fur Elise (Komuz Remix)
819	Tristam & Braken - Flight
820	Mendum - Stay With Me [NCS Release]
821	Jason Derulo - Wiggle (Borgore Remix) [Free Download]
822	Smoke Weed Every Day Dubstep Remix (BASS BOOSTED)
823	Geoxor - Moonlight
824	Mendum - Stay With Me (Krys Talk Remix) [NCS Release]
825	Purple Dragons (Dragons VIP)[FREE DOWNLOAD]
826	Fairy Tail THEME (Chillstep)400K WOW (FOLLOW soundcloud.com/iamzerua for my main account)
827	Storyboard & Hani Koi - Revitalize
828	OOHYO(ìš°íš¨) - 06 Teddy Bear Rises
829	K.
830	Rumors [Available on Spotify and Apple Music ğŸ”¥ ]
831	The Neighbourhood - Sweater Weather - Slowed
832	Careless [Available on Spotify and Apple Music ğŸ”¥ ]
833	Mac DeMarco // My Kind of Woman
834	Cry
835	Why'd You Only Call Me When You're High - Arctic Monkeys
836	You're the Only Good Thing in My Life
837	love is a warmth, it's not a fire. (feat. esthie)
838	Pure
839	Hentai
840	Em lÃ  ai? / VÅ©. (Demo)
841	Sweater Weather (slowed to perfection)
842	Touch
843	Why Don't We Take A Walk By The Sea?
844	Pascal Pinon: Ãerney (One Thing)
845	Kiss It Off Me
846	Second Time
847	OOHYO(ìš°íš¨) - 07 Vineyard(Korean Ver.)
848	Lotte Kestner - Wrestler
849	Tulpa & BLANKTS - Kiss Fight ft. gnash
850	River
851	Too Much To Ask
852	Wake Owl -  Gold
853	Constellations
854	OOHYO(ìš°íš¨) - 03 Vineyard
855	Fingers Crossed
856	Constellations (Piano Version)
857	last summer [full album]
858	Sesame Syrup
859	Postiljonen - Atlantis
860	No Name #3 (Elliott Smith Cover) by Caroline Says
861	Rosyln
862	Blue Boy
863	Structure (Single)
864	Lost Dreamers
865	Better Love
866	Star Parks - Theoretical Girls
867	OOHYO(ìš°íš¨) - 02 Motorcycle
868	drugs
869	Do I Wanna Know?
870	Mitski - Your Best American Girl
871	Lone Alpha & Shachimu - By The Seaside (w/ Remix Stems)
872	OOHYO(ìš°íš¨) - 04  Girl Sense(ì†Œë…€ê°ì„±100í¼ì„¼íŠ¸)
873	Peter Bjorn and John - Young Folks
874	Ocean
875	So Sad, So Sad
876	We're Not Just Friends
877	Kishi Bashi - I Am the Antichrist to You
878	Orjan Nilsen - Le Tour De Trance 2014 - B'Small Remix [ Full ]
879	Vocal Trance Mix - Volume 3 = Top Best Vocal Trance Songs - Mix #3
880	T for Trance 4 - TUNGNT B2B THIENHI - IP Club Official Mixset
881	Trippy Experience | Psychedelic Progressive Psy Trance Mix
882	Armin van Buuren vs. Vini Vici feat. Hilight Tribe â€“ Great Spirit [Armind] OUT NOW!!!
883	Shiva Style (Phanatic & Berg Remix)
884	Thien Hi & Hoang Anh Pres. RETUNEZ I LIVE At Trance Session The Toilet Hanoi
885	Hilight Tribe - Free Tibet (Vini Vici Remix)[Iboga Records] OUT NOW!!!
886	Armin van Buuren feat. Trevor Guthrie - This Is What It Feels Like (W&W Remix)
887	Armada Music Trance Mix - October 2021
888	"Hulk and Friends #2 - "" Psy For Life "" with C'Six, WhiteApe"
889	Aurosonic & Frainbreeze with Sarah Russell - Tell Me Anything (Original Mix)
890	Nonstop - The Best Of Trance - So Sad (Sáº§u PhiÃªu Du) - DJ Ngá»c LÃ£ng Tá»­
891	SICKCODE - Little Hope
892	Armin Van Buuren Vs Vini Vici Feat. Hilight Tribe - Great Spirit (Extended Mix)
893	Astrix - He.art [Full Album Mix]
894	Liam Phain - NgÃ y ChÆ°a GiÃ´ng BÃ£o (TÃ™NG DÆ¯Æ NG) [Bigroom Trance Remix]-
895	Mr.Bao Bao - Progressive Vocal Trance #2
896	Red Light Green Light (Dang3r & NewGapy RMX)
897	Harmonika, Sighter - Beauty Never Fades
898	HTW0006 : Aurosonic & Frainbreeze and Katty Heath - All I Need (Progressive Mix)
899	( Bigroom Trance )The Acid - Ha Noi
900	Astrix - Type 1 (GrooverOz & Godinhes Rmx)
901	Astrix - Trance For Nations///011 [FREE DOWNLOAD]
902	Mandelbrot (Lucas and Earthling) LIVE @ Universo Paralello New Year's Day 2020
903	Thu Cuá»‘i ft Le Tour De Trance Remix
904	PsyTrance Vocal Viá»‡t
905	Thien Hi' Monthly Podcast Trance Session Year Mix 2017
906	Ben Nicky 2021 Trance Mix
907	Ho Tren Nui (Khoa Tran Remix)
908	Sunlounger, Susie Ledge, Inger Hansen - OK
909	Pink Panther - SoundFanatic Remix
910	Group Therapy 050 with Above & Beyond - Live From Alexandra Palace
911	Armin van Buuren & Vini Vici feat. Hilight Tribe - Great Spirit [A State Of Trance 793] **TOTW**
912	Swarm - Alpha & Omega (Brahma Rmx)
913	Cosmic Gate feat. Mike Schmid - No One Can Touch You Now (Rodg Remix)
914	Headstrong feat. Shelley Harland - Helpless (Aurosonic progressive mix)
915	Gabriel & Dresden feat. Sub Teal - This Love Kills Me (G&D Club Mix - Above & Beyond Respray)
916	Ata - Euphoria 190 **FREEDL**
917	Andain - Beautiful Things (Fady & Mina Remix)
918	Dimatik, Monik, Carroch - Giratina (Mandragora Remix On Acid)
919	DJ Phalanx - Uplifting Trance - Sessions Episode 100 YOUTUBE / â™« Stairway to Heaven's Gate â™«
920	Flash Jack - Believer â˜…FREE DOWNLOADâ˜… by Prog Box Digial
921	Armada Music Trance Mix - September 2021
922	Thien Hi' Monthly Podcast Trance Session 10 - Live 3 Hours Set
923	Armin van Buuren - Ping Pong [A State Of Trance 650 Mainstage Utrecht][OUT NOW!]
924	Vini Vici & Astrix - Adhana 2017
925	Best Of Progressive House Vocal & Trance Vocal 2013 Year Mix
926	Ben Nicky - Emotional Havoc Trance Mix
927	Hilight Tribe - Free Tibet (Vini Vici Remix) Full
928	DJ Blyatman & Russian Village Boys - Cyka Blyat
929	Love Tonight (Edit)
930	Gonzi - MARUSKA
931	01 - Tiago Rosa - Pink Panther(Original Mix)
932	xi - Freedom Diveâ†“ (Full Ver.)
933	I Like That - LÃª Nam ( LÃª Duy Team )
934	Minilogue - The Leopard (Extrawelt Remix)
935	[SET] Gustavo Mota 2016 - Giang Cadillac
936	Mojave
937	Hentai - S3RL
938	"Minimal Techno remix #1[click ""buy"" for free download full 320kb]"
939	Tell Me What You Want - S3RL Feat Tamika
940	Your Love Will Set You Free (c2's Set U Free RMX)
941	14å¹³ç±³ã«ã‚¹ãƒ¼ãƒ™ãƒ‹ã‚¢ (Ange;art & Mtell Hardcore Bootleg)
942	RTTWLR @ Minimal Techno Mix 2016 - CLASSIC COCAINE SET [FREE DOWNLOAD]
943	Thanh HÆ°ng - Ai Äá»£i ÄÆ°á»£c MÃ¬nh MÃ£i - LÃª Nam Mix
944	CHAPELEIRO - do Minimal ao Techno (SET) FREE DOWNLOAD
945	Lemon
946	Matrix
947	6. Ben BÃ¶hmer Feat. Wood & Simon Krause - Give Me (Alfred Heinrichs Remix)
948	Deephouseit Podcast - Charlotte De Witte
949	The Dark Side Of The MINIMAL TECHNO
950	Koichi Sato, Mika Kitten -  Mantra(Original Mix)
951	Dark Minimal Tech House - Welcome to the Darkside
952	DJ Blyatman - Molotov
953	'Wolves'
954	DJ Mix Number 05
955	Sin Project - Drugs [BW REMIX]
956	S3RL ft. Sara - Less Than 3 - (DJ Harmonics & Audio Paradyne Remix)
957	SQUID GAME: Pink Soldiers (Dark Techno Remix)
958	The Warehouse #21 | Mya
959	When You Sleep (2014) [ft. viewtifulday]
960	RTTWLR @ Boris Brejcha - Art of Minimal Techno Tripping - The Mad Doctor
961	VOL. 3 - MIX SET - HARDCORE TECHNO - HARDSTYLE - GABBER - DJ GOOSE AKA DON O'TOOLE 2012
962	DJ Blyatman - Tsar Bomb
963	Get Schwiffty #003 - Spooky
964	Cj Borika and Ana Roxvadze - Fly
965	Tiago Rosa - Pink Panther(Original Mix)
966	Glorious Morning (Age of war theme) Techno Remix
967	Premiere: Space 92, The YellowHeads - Planet X
968	5p4M - CLEP (Kou! Remix)
969	Adam Beyer, Layton Giordani & Green Velvet â€” Space Date (Pleasurekraft Remix) â€” Drumcode â€” DC207
970	PJ MAKINA vs JORDI K-STAÃ‘A vol2 - RESCUE
971	I Don't Wanna Grow Up at. DJ S3Rl feat. Xamidium
972	rayquaza ex
973	Volto - Trepanation (Tesla Unstoppable Remix) [iNlab Undergound]
974	DUSTY KID - KLIN (EXTENDED VERSION)
975	Gustavo Mota B2B Groove Delight @ XXXPERIENCE 21
976	Dustvoxx - TRiGGER (Zekk Remix)
977	Unstoppable (Sia)
978	Lil Peep & XXXTENTACION - Falling Down
979	[Arknights] EP - Radiant
980	Way Back Home
981	Em ÄÃ©o Biáº¿t Ná»¯a Anh Æ i
982	You Were The Only Good Thing That Happened Last Summer
983	Two - Twenty One Pilots
984	Paramore - Still Into You
985	"Mili - String Theocracy / ""Library of Ruina"" theme song"
986	Halvorsen & Netrum - Phoenix(But It's Punk Rock) [NCS10 Release]
987	Stubborn
988	when you sleep- my bloody valentine
989	On My Own
990	Bullshit
991	TÃ´i ÄÃ£ Sai - Vissay | Kimmese
992	Frustrating
993	XXXTENTACION - Changes(Punk Goes Style COVER)
994	twenty one pilots - Heathens (Punk Goes Pop Style Cover) Suicide Squad
995	that girl
996	Shake It Off - Taylor Swift (Pop Punk Cover by TeraBrite)
997	Bye Bye Baby Blue
998	Me, She And The Things Between Us
999	Early Summer Rain
1000	Be Alright
1001	Numb
1002	Phoenix - Worlds 2019 - League Of Legends
1003	Love You Like I Used To (ft. Kellin Quinn)
1004	All Time Low - Dear Maria, Count Me In
1005	"Ariana Grande - ""No Tears Left To Cry"" (Cover by TeraBrite)"
1006	Tuning Out
1007	Mind Brand (English Cover)
1008	Lil Peep & ILoveMakonnen - Sunlight On Your Skin
1009	idk who i am w/ guardin // MUSIC VIDEO OUT NOW
1010	Red Hot Chilli Peppers-Can't Stop
1011	Shape Of You
1012	let me die (prod. lilhappylilsad)
1013	Bury Me Low
1014	Look What You Made Me Do - Taylor Swift (Pop Punk Cover by TeraBrite)
1015	Asking Alexandria- Right Now (Na Na Na) (Akon Cover)
1016	For All Those Sleeping - You Belong With Me (Taylor Swift cover)
1017	Taylor Swift - Love Story (Pop Punk Cover)
1018	All Time Low - Something's Gotta Give
1019	The Kids Aren't Alright (The Offspring)
1020	ã€CLOVERã€‘ Help Me
1021	cocteau twins - sea, swallow me [ slowed + reverb ]
1022	Fake Your Ride for Tree Hands
1023	Umbrella (Rihanna Cover) - All Time Low
1024	Mr. Brightside
1025	SAM RUSSO -  Eye Candy
1026	Camila Cabello Ft. Daddy Yankee - Havana
1027	DESPACITO - Luis Fonsi âŒ Daddy Yankee
1028	David Guetta, Bebe Rexha, J Balvin - Say My Name
1029	DESPACITO - Star Sound Dj Frann - LUIS FONSI , DADDY YANKEE & JUSTIN BIEBER
1030	Pedro CapÃ³ x Farruko â€“ Calma (Remix)
1031	Mi corazÃ³n, con flores te llevaste mi tristeza con colores - Slowed  ğŸ’
1032	24/7
1033	Viczon Mc - â–º â–º Tengo Buenos Flowâ—„ â—„
1034	Ozuna - Se Preparo
1035	La Cumparsita (Tango)
1036	105. Maluma - Sobrio (Ruben Ruiz Dj & Adri El Pipo) Extended 2021
1037	Best Of Bossa Nova Cover Mix   Relaxing & Cafe Music For All Greatest Hits
1038	Bailando Enrique Iglesias .Gente de Zona (merengue reggaeton remix) djchorlo
1039	Nicky Jam & Enrique Iglesias - El Perdon (MIKE MOONNIGHT REMIX)
1040	Bachata Mix 2018 Romeo Santos, Prince Royce, Rommel Hunter, Toby Love, leslie grace, karlos rose
1041	SEXTO SENTIDO - Gigolo & La Exce âŒ Bad Bunny
1042	Luis Fonsi, Demi Lovato - Ã‰chame La Culpa (Dj Nev Extended Edit)
1043	Farruko âŒ Bad Bunny - Krippy Kush
1044	DESPACITO - Justin Bieber Ft. Luis Fonsi & Daddy Yankee (Prince LJ Remix)
1045	Watazu ft. Milos A | Havanna - We Run The Night (ChaCha)
1046	Vlad Ivan - SueÃ±os De Pasion ( Piano bachata / instrumental ) New
1047	Bailando - Enrique Iglesias & Gente De Zona Ft Dj HernÃ¡n Urbina (Original)(EMM
1048	NO COPYRIGHT Tropical / Tropical House Music - Diviners ft. Contacreast - Tropic Love [BUY=FREE]
1049	ONEW
1050	J Balvin Ft. Anitta - Downtown
1051	Duele El CorazÃ³n *New2016*(Enrique Iglesias ft. Wisin)+[Base Reggaeton]*By Alecks Vz*
1052	Hey Ma - Pitbull âŒ J Balvin âŒ Camila Cabello
1053	Cumbias navideÃ±as mix by felino dj
1054	06 Love Fool
1055	cantando eu mando a tristeza embora
1056	Nightcore - Celoso (Lele Pons)
1057	"RUMBA | Marvin Gaye (AndrÃ© & Dj Mitya Remix) || Click on ""Buy"" for FREE DOWNLOAD !!!"
1058	Enrique iglesias Ft Ludacris -  Tonight Im Loving You Remix
1059	94. Bailando - Enrique Iglesias Ft. Gente De Zona y Descemer Bueno [[ Ãj Lacky ]]
1060	Vic J Feat Mike Moonnight - Dame Tu Amor
1061	BEBE - Ozuna Ft Anuel AA
1062	Mi Mi Mi (Cha Cha) ft. Watazu
1063	JENNIFER LOPEZ FT OZUNA - EL ANILLO REMIX
1064	Feid - Nuestra CanciÃ³n
1065	SI ME MUERO - FARRUKO âŒ Ã‘ENGO FLOW âŒ LARY OVER âŒ DARELL
1066	Old School Salsa Mix Vol 1
1067	Adriel Favela - Mujeres de tu tipo
1068	La MelodÃ­a Perfecta Feat Guaco - Te Lo Tengo Que Decir (www.laboratoriofm.com.ve)
1069	BACHATA Mix 2017 Lo Mas Romantico Prince Royce, Shakira, Enrique Iglesias, Romeo Santos, Thalia
1070	Love Me - Yiruma (bossa version by Khoa VÅ©)
1071	05 My Favorite Things
1072	Instagram
1073	DJ Alex Sensation - Salsa Mix  Eddie Santiago   old skool salsa
1074	Otilia - Devocion (extended)
1075	telepatÃ­a
1076	Cartoon - Why We Lose (feat. Coleman Trapp) [NCS Release]
1077	Feint - We Won't Be Alone (feat. Laura Brehm)
1078	Feint - Snake Eyes (feat. CoMa)
1079	On My Way (Raxbee Remix)
1080	Alan Walker - Lily (Raxbee & Langgengorkes Bootleg)
1081	Zara Larsson - Ain't My Fault (Macky Gee X Phantasy Bootleg)
1082	Feint - Words (feat. Laura Brehm)
1083	Rameses B - Neon Rainbow (feat. Anna Yvette)
1084	DBAOLA - NOISY
1085	Gorillaz - feel good inc (drum and bass remix)
1086	Aftershock
1087	Hayve & Skyelle - Change
1088	Jacoo - A World Of Peace (Alan Walker Remix)
1089	Feint - Fading Wind
1090	Pegboard Nerds & More Plastic - The Ride
1091	Rameses B - We Are One (feat. Veela)
1092	Kaskade & CID - Us (Delta Heavy Remix)
1093	DJ Fresh & Adam F - Believer (Jacob Plant Remix)
1094	T & Sugah x NCT ft. Miyoki - Stardust (Dread Pitt Remix) âœ¨
1095	Kana Nishino - Sweet Dreams (11t dnb mix)
1096	Reyanna Maria - So Pretty (STRANJAH Drum & Bass Bootleg Remix) - FREE DOWNLOAD
1097	Bensley - Vex
1098	Camo & Krooked & Mefjus - No Tomorrow (Ft Sophie Lindinger)
1099	Time Leap (Original Mix) [Free Download]
1100	Marvel Vs Capcom Staff Roll Remix
1101	â˜… The Drums And Bass Of Flower Bless (Final)
1102	Delta Heavy - I Need You
1103	[Drum & Bass] Difee - Hold On
1104	Dirtyphonics - Since You've Been Gone feat. Matt Rose (Infuze Remix)
1105	TC - Get Down Low (Jump Up Drum & Bass Remix) (Levela D&B Remix)  [AVA]
1106	LASZLO - FALL TO LIGHT
1107	Laszlo - Here We Are
1108	Kasger - Reflections
1109	Rameses B - Samurai
1110	Destiny's Child - Survivor (Hansollo Remix)
1111	Fourward - Aftermath (feat. YOUTHSTAR)
1112	Friday Night Funkin - Stress [Drum and Bass Remix]
1113	ã€Phigrosã€‘ã€Cytoidã€‘[Drum & Bass] Mechanted
1114	Spaze - Believe
1115	Elton John, Dua Lipa - Cold Heart (Cegor Remix)
1116	Kasger - Highland
1117	Karl Jenkins - Adiemus (Kimmy's Tribal Drum & Bass Remix)
1118	Macky Gee - Tour
1119	Macky Gee - Black Widow VIP (FREE DOWNLOAD)
1120	Mefjus - Noisia Invites Festival Mini Mix
1121	Mike Perry - The Ocean (Premium Bootleg)
1122	Catas & Kasger - Blueshift
1123	FEVER DREAM (ft. yzzyx)
1124	Theme Of Ameterasu
1125	Voices
1126	Touhou 16 HSiFS - Crazy Backup Dancers ã€Intense Symphonic Metal Coverã€‘
1127	Candle Queen (feat. Megumi) Intense Symphonic Metal Cover
1128	[Outertale - Cosmic Dust] - Twilight (Cover)
1129	[Dustswap: Dusttrust] Phase 3: Slaughter In The Spotlight (Unused Version)
1130	Metallica - Enter sandman
1131	Sandy Marton - Camel by Camel [ANKHA ZONE SONG] (Metal Cover by Little V) [INSTRUMENTAL VERSION]
1132	The Plot In You - Feel Nothing
1133	Undead Corporation - Everything Will Freeze
1134	Nothing Else Matters (Live - May 30, 2014 - Stockholm, Sweden)
1135	Sandy Marton - Camel by Camel [ANKHA ZONE SONG] (Metal Cover by Little V)
1136	ã€æ±æ–¹Vocalï¼Eurobeatã€‘ PRESERVED VAMPIRE ã€ŒSOUND HOLICã€
1137	BÃ­ Máº­t Cá»§a NgÆ°á»i Ra Äi
1138	Sabaton - Panzerkampf
1139	Xandu - Stronger Than You -Genocide Remix- (Sans version)
1140	Metal Gear Rising  Revengeance - I'm My Own Master Now (Spirit Of The Ultimate Wolf Mix)
1141	Nightcore - Feel Invincible(Skillet)
1142	Metal Gear Rising- Revengeance OST - It Has To Be This Way (Senator Battle)
1143	Roar Of The Jungle Dragon (Ingame Version)
1144	KNOCK YOU DOWN !! - DELTARUNE || Metal Cover By RichaadEB & Friends
1145	02. The Only Thing I Know For Real (Maniac Agenda Mix)
1146	Drengr Of Ragnarok - Viking Metal By @Peyton Parrish Feat. Jonathan Young
1147	Megalovania (in the style of Doom Eternal) from Undertale
1148	Duel In The Mist (Metal Remix) Inazuma Battle Theme - Genshin Impact
1149	SABATON - To Hell And Back
1150	Dement ~after Legend~
1151	Rules Of Nature
1152	"DELTARUNE - ""THE WORLD REVOLVING (Jevil Theme)""ã€Symphonic Metal Guitar Coverã€‘"
1153	Akame Ga Kill! - Skyreach (Full) Insane Metal Cover!
1154	Doomsday
1155	Sabaton - Fields Of Verdun
1156	RWBY - Red Like Roses Part II [EPIC METAL COVER] (Little V)
1157	Hot Wind Blowing (Feat. Ferry Corsten) [Platinum Mix] - Extended Edit
1158	Master Of Puppets (From the Motion Picture Metallica Through the Never)
1159	NieR : Automata - Dependent Weakling (feat. Rena)ã€Intense Symphonic Metal Coverã€‘by FalKKonE
1160	[Undertale] Ashes - NateWantsToBattle (Undertale Genocide Song)
1161	ECHO (Metal Remix)
1162	Metal Gear Rising Revengeance OST   A Stranger I remain
1163	"Slayer ""Black Magic"""
1164	Don't Question Me (feat. Waylon Reavis)
1165	SABATON - Defence of Moscow
1166	Slipknot - The Devil In I
1167	Raiden Shogun Boss Battle Theme: Rock Version/Remix - Genshin Impact
1168	Asking Alexandria - The Final Episode
1169	Rell, The Iron Maiden
1170	At Doom's Gate
1171	UNDERTALE [DOOM] - Megalovania (ReveX Cover)
1172	Song of the Ancients Atonement - Nier: Automata (Symphonic Metal Cover by FalkKone)
1173	Sabaton - The Lost Battalion
1174	Metal Gear Rising- Revengeance music - Rules of Nature with Lyrics
1175	Bumpy Ride - Reggaeton Version (JuanXuuLooPeezDj)
1176	Danza kuduro Remix Don Omar Ft Lucenzo, Arcangel, Daddy Yankee
1177	Alexio Ft. Daddy Yankee, Nicky Jam, Farruko y Mas - Tumba La Casa (Remix)
1178	Prince Royce, Myke Towers - Carita De Inocente (@agustinmarindj Mambo Remix)
1179	DJ Snake, Ozuna, Megan Thee Stallion, LISA Of BLACKPINK - SG (Dj Nev Reggaeton Version)FREE!! ğŸ”¥
1180	[FREE] Celoso - Lele Pons (Quantum Edit) 95 BPM
1181	Sia ft Nicky jam - Cheap Thrill Spanish Remix (Cuervo remix - Extended)
1182	Ay Vamos - J BALVIN ( Remix - DJ TAO 2014 )
1183	Natti Natasha x Becky G - Ram Pam Pam (Bruno Torres Remix)
1184	Sola (Official Remix) (Ft. Farruko, Daddy Yankee, Wisin, Zion & Lennox)
1185	Bad Bunny, J Balvin, Ozuna, Anuel AA, Noriel, Lary Over Trap Latino 2017 Mix
1186	Daddy Yankee & Snow  - Con Calma (Dj Nev Rmx)
1187	Major Lazer - Que Calor (feat. J Balvin & El Alfa)
1188	Anuel AA, Daddy Yankee, Karol G, J Balvin, Ozuna - China (Bruno Torres Remix)
1189	Nejo Y Dalmata Ft. Plan B - Automovil (Official Remix) (Prod. By JaJa)
1190	Nicky Jam - El Perdon Feat. Enrique Iglesias
1191	Hawai ((Remix)) - Maluma Ft. The Weeknd -  Dj Gabo Figueroa
1192	Reggaeton Mix 2021 Rihanna j balvin Dj Mauricio Lopez Full Party Dance Hall Remix VOL.102
1193	PORFA - Feid Ft. Justin Quiles - (Alex Estepa Extended Remix) 95 Bpm
1194	Si Tu Marido No Te Quiere (Remix)
1195	Tremenda Sata (Official Remix)- Arcangel Ft. De La Ghetto- Plan B- Daddy Yankee Y Nicky Jam
1196	Ozuna Ft. Farruko & Arcangel - Si No Te Quiere (Official Remix)
1197	95 Daddy Yankee Ft Luis Fonsi - Despasito [By Dj Ricardo Alvarez x2]
1198	No Quiere Enamorarse
1199	Ai Se Eu Te Pego (SpinArt ReDrum Bootleg Edit)
1200	daddy yankee - salud y vida (Version Reggaeton Dj Carlos Galarza Remix 2)
1201	Jowell & Randy Ft. J King, De La Ghetto, Pusho & Alexio La Super Chapiadora (Official Remix 2)
1202	Daddy Yankee - Sigueme y Te Sigo
1203	Anitta J Balvin Downtown  (Ãudio Official)
1204	Luis Fonsi ft. Daddy Yankee - Despacito (B-PHISTO REMIX)
1205	JUAN QUIN & DAGO - A ELLA LE GUSTA EL SEX (EMUS DJ MIX)
1206	ZUM ZUM REMIX - PLAN B FT NATTI NATASHA DADDY YANKEE ARCANGEL RKM Y KEN-Y
1207	David Guetta, Bebe Rexha, J Balvin - Say My Name (Bruno Torres Remix)
1208	Becky G Ft. Natti Natasha - Sin Pijama (Dj Nev Rmx)
1209	Jotapdoblee - Sexo Con Maldad (Prod. Diamond El Cientifico)
1210	OZUNA FT ANUEL AA WISIN YANDEL - UNICA REMIX
1211	Calma- Pedro CapÃ³ Ft. Farruko (DJ JB! Dembow Remix)
1212	Arcangel - Feliz Navidad 5 (Prod. DJ Luian) TIRAERA PARA WISIN
1213	Mi Vecinita - PLAN B ( Acapella Mix - DJ TAO )
1214	Ella y Yo Remix ft. Farruko , Ozuna , Arcangel , Anuel AA , Nengo , Kevin Roldan y mas ...
1215	CNCO Ft. Little Mix - ReggaetoÌn Lento (Nev & Rajobos Edit)
1216	Danza Kuduro - Don Omar Feat. Lucenzo, Daddy Yankee & Arcangel
1217	Amaro Ft. Zion Y Lennox - Oh Mami (Official Remix)
1218	Mix A Mi Me Gustan Mayores bad bunny ft becky g Dj Nemesis
1219	Mujeriego - El Nene La Amenaza
1220	Don Omar Ft. Daddy Yankee Akon Pitbull Lucenzo - Danza Kuduro Remix
1221	Pop latino 2017 Megamix Hd Pop En EspaÃ±ol Daddy yankee, Nicky Jam, Play N Skillz, Maluma Vol 214
1222	CNCO - Reggaeton Lento (Dj Nev Edit) Ê™á´œÊ = Ò“Ê€á´‡á´‡ á´…á´á´¡É´ÊŸá´á´€á´…
1223	Adele | Set Fire To The Rain ( Reggae Version By Reggaesta )
1224	Dr Dre ft Snoop Dogg - Next Episode (Reimemonster - Power Punch Sound RMX)
1225	Bruno Mars - Marry You (Jr Blender Reggae Remix)
1226	Have Yourself A Merry Little Christmas
1227	Bob Marley - Is This Love (Soke Remix) **FREE DOWNLOAD**
1228	Bob Marley - No woman No cry
1229	Smokin' Love (feat. Collie Buddz)
1230	Bob Marley Is this Love (Dubmatix Re-Visioned)
1231	My Girl ft Lady Saw, Cecile, Etana (Reggae Remix)
1232	Adelle - Set Fire To The Rain
1233	Criminal
1234	Stay With Me (Stick Figure REGGAE Remix)
1235	A Ella Le Gusta Bailar (Remix)
1236	SAVEGE LOVE - One Drop Lovers Reggae - Mixed by Modah Hype Savege Sound
1237	Get Up Stand Up - Live at the Roxy
1238	Hot Kitty
1239	Jah Cure - That Girl [ feat. Dread Mar I ]
1240	SAFARi SOUND - A TRiBUTE MiX TO BOB MARLEY, THE KiNG OF REGGAE MUSiC
1241	Love You Everyday - Bebe Cool
1242	Prince Alla & Lone Ranger - Ethiopia + Ethiopia Dub (Prod. by Dubvisionist) 7inch Vinyl
1243	Matisyahu - One Day Reggae
1244	Ras Muhamad - Re-Education Feat. Kabaka Pyramid
1245	In Your Eyes
1246	Day By Day
1247	Old School Reggae Mix
1248	Lukas Graham -7 Years [Reggae Remix 2016]
1249	Here I Am (feat. Rebelution)
1250	Boom Boom Mama - Reggaeton   Batucada
1251	Meant to Be (Feat. Jacob Hemphill of SOJA)
1252	Higher Voltage Ent Lovers Rock [ Reggae Mix-tape May 2012 MIX Vol 1 ]
1253	Burning Babylon Mixtape - Dancehall #1 By Docta Rythm Selecta (2021)
1254	KVSH, Natiruts - Sorri, Sou Rei (Remix)
1255	Sentenced
1256	OLD SCHOOL REGGAE MIX 80'S 90'
1257	The Joe Gibbs Family Of Artists - Medley: Joy To The World (We Wish You A Merry Christmas)
1258	Mek It Bunx Up (feat. Marcy Chin)
1259	The Big Push I Shot The Sheriff Bob Marley Cover
1260	Dubmatix MixCloud #1 Vibes
1261	Bob Marley & The Wailers - Concrete Jungle (1973 Old Grey Whistle Test)
1262	THREE LITTLE BIRDS
1263	Mixtape 008 â€“ At The Beach (mixed by Alific)
1264	Bob Marley - Redemption Song (Dubdogz & Michael Prado Remake)
1265	Bob Marley - Punky Reggae Party
1266	Nuestra CanciÃ³n
1267	Shawn Mendes - Treat You Better (Reggae Cover) By Conkarah (Prod. By Troublemekka)
1268	Burning Babylon Mixtape - Roots #1 By Docta Rythm Selecta (2021)
1269	Put Your Head On My Shoulder (Chicko Cover)
1270	You Are Mine (feat. Kimie Miner)
1271	Rest of My Life
1272	ROSIE DELMAH - BACK TO MY LOVE (COVER)
1273	Earthquakes Conversation
1274	Clean up your act
1275	MOTIVATION DAYS - DREAM (MOTIVATIONAL SPEECH MP3)
1276	Ryo Fukaura: Liszt - Hungarian Rhapsody No.2
1277	MOTIVATION DAYS - MOTIVATIONAL SPEECH BY RAY LEWIS (WORKOUT MOTIVATION)
1278	Bust a gut
1279	Shedloads
1280	Maggie's Moonlight Relaxation for Mums
1281	TTMIK Level 1 Lesson 1 - Hello, Thank you
1282	Health Care Conversation
1283	Iyagi #62 ì½œë¼ (= Cola) / Natural Talk in 100% Korean
1284	Iyagi #73 í˜¼ìì„œ ì‹œê°„ì„ ë³´ë‚´ëŠ” ë°©ë²• (= How to spend time alone)/ Natural Talk in 100% Korean
1285	Iyagi #65 ë¶ˆëŸ‰ì‹í’ˆ (= Junk food) / Natural Talk in 100% Korean
1286	Grammar Girl #688. Dangling Participles
1287	Nephrolithiasis
1288	Iyagi #67 íšŒì‹ (= Company Dinner) / Natural Talk in 100% Korean
1289	Iyagi #63 ì¸ë”” ìŒì•… (= Indie music) / Natural Talk in 100% Korean
1290	Lesson 1. ê±´ë§ì¦ (Forgetfulness)
1291	Iyagi #82 ë¼ë©´  Ra-myeon (= instant noodles) / Natural talk in 100% Korean
1292	Have more famous people died this year?
1293	Iyagi #64 ìƒì¼ ì„ ë¬¼ (= Birthday presents)/ Natural Talk in 100% Korean
1294	Iyagi #61 ì— í‹° (= Membership Training) / Natural Talk in 100% Korean
1295	lingual.net Game: Listening Master to have fun improving your listening skills
1296	Deutsch lernen (B1) | Schlechte Luft in GroÃŸstÃ¤dten
1297	Ding Dong! Merrily On High
1298	Manifest Greatness
1299	Iyagi #10 â€“ ê²Œìœ¼ë¦„ (= Being lazy) / Natural talk in 100% Korean
1300	Debussy: Arabesque No.1 in E major (Ryo Fukaura, University College London)
1301	Level 1 Essential Review Dialogue
1302	Iyagi #5 - Attractive men
1303	Iyagi #81 ê¸°ë…ì¼ (= Anniversaries) / Natural talk in 100% Korean
1304	Iyagy #50 ìŒì‹ ë‚˜ëˆ  ë¨¹ê¸° (= Sharing foods) / Natural talk in 100% Korean
1305	01 Practicing The Power of NOW -
1306	Iyagi #66 ì‚¬íˆ¬ë¦¬ (= Dialect) / Natural Talk in 100% Korean
1307	Äá»ƒ láº¥y láº¡i tinh tháº§n (thÃ´i miÃªn)
1308	TTMIK Level 2 Lesson 1 - Future Tense
1309	Level 2 Essential Review Dialogue
1310	Manifesting All You Desire Guided Meditation
1311	Iyagi #45 ê¹€ì¹˜ (= Kimchi) / Natural talk in 100% Korean
1312	Bong bÃ³ng chá»¯a trá»‹ trá»‹ liá»‡u (thÃ´i miÃªn)
1313	TTMIK Level 2 Lesson 9 - Counters
1314	31071
1315	Iyagi #141 í•™ì°½ ì‹œì ˆ ë³„ëª… (= Nicknames From School Days) / Natural talk in 100% Korean
1316	Iyagi #2 - ì„œì  (= Bookstores in Korea) / Natural talk in 100% Korean
1317	BBC 6 Minute English - Texting and walking made illegal
1318	MOTIVATION DAYS - AL PACINO SPEECH (MOTIVATIONAL SPEECH)
1319	Beat around the bush
1320	Give me credit
1321	MOTIVATION DAYS - FEAR (MOTIVATIONAL SPEECH BY LES BROWN)
1322	Following your audience on 'dark social'
1323	Sharam Jey, Chemical Surf & Illusionize - Bass (Preview) Out Now
1324	SÃ¡ch GiÃ¡o Khoa Táº­p 1
1325	Estilo Disco: 70s Disco Megamix Boite Discotheque
1326	Sharam Jey, Chemical Surf & Illusionize - Sit Down (Preview) // BT048 [OUT NOW]
1327	Poolside - Contact High Mixtape
1328	Obsession (Extended Mix)
1329	The Ultimate 80's Mix
1330	Dua Lipa 'Blow Your Mind (Mwah)' (Butch le Butch Lost Disco Version)
1331	Yumi Rose - Im Done (drinking Alone)
1332	Vokker, Schnor - I'm A Gee (Original Mix)
1333	Sharam Jey & Daniel Fernandes - Jump Up (Preview) [OUT NOW!]
1334	SAVAGE - Don't Cry Tonight (Mile Jakelic Retro Disco Edit 2018)
1335	Wolframm - Give Me All Your Love (Michael Nolen Maxi Disco Remix)
1336	Sharam Jey & Illusionize - Shake Moove (Preview) // [OUT NOW]
1337	Diana Ross - I Will Survive (Neidex Remix)
1338	Peso // Day Mix #9 by PABELS
1339	70'S & 80'S DISCO & FUNK DANCE MIX - 70'S & 80'S DISCO & FUNK DANCE MIX - SPRING 2014.mp3
1340	Illusionize - Better Days ( Especial Mix ) [FREE DOWNLOAD!]
1341	Rhythm Party II Mixtape
1342	Deep Summer (Remix Lovers)
1343	Satin Jackets feat. Niya Wells - Lost In Japan
1344	Constantinne & Felten - To You Nothing (Shake Sofa Remix)
1345	Sharam Jey, Volac & Blacat - Get Tipsy (Preview) Out Nov 10th
1346	After Midnight
1347	PSY - DADDY (Dance Practice)
1348	Funk Mix 70's & 80s - Dj XS London Old School Funk & Disco Classics Mix (2018) Part 1
1349	frangi. [oldies]
1350	LUXXURY - Take It Slow
1351	'SHAKIRA' STYLE Music Beat 2020 WAKA WAKA RELOD
1352	JKriv & The Disco Machine (feat. Adeline Michele) - Can't Give It Up [CLIP]
1353	Satin Jackets Feat. Scavenger Hunt - Feel Good (Cavego Remix)
1354	Dj XS - 70'S 80's Funk Mix - 70s & 80s Funky Vibes Mixtape
1355	Stay See - Best of 80s Mix (Master Chic Edition)
1356	Mflex - Waiting All Night (Italo Disco 2014 summer)
1357	Glitterbox Radio Show 205: Purple Disco Machine Takeover
1358	Keljet -  Mix For W Hotel Amsterdam (IMS Ibiza)
1359	DiscoHOUSE || Skibblez - Sky Romance ç©ºã®ãƒ­ãƒãƒ³ã‚¹ (w/ Night Tempo)
1360	Sister Sledge - Thinking Of You  (Dimitri From Paris Remix) (Snippet)
1361	Sentiment Acide (Jennifer Cardini Remix) by David Shaw and The Beat
1362	"SHARAM JEY - BUNNY TIGER ""SELECTION VOL 2"" In Da Mix /BTLP002/FREE DOWNLOAD!"
1363	Daniele Baldelli & DJ Rocca Kachiri - (Ivan Smagghe Crossed Edit)
1364	Sharam Jey - Bunny Tiger Selection Vol. 6 In Da Mix // FREE DOWNLOAD!
1365	Lou Van - Every Second (Original Mix)
1366	Sunny Disco 05
1367	Dj XS Rare 70s 80s Funk Disco Boogie & 90s House Classics Summer Music Mix 2017
1368	frangi. [mojito]
1369	datfootdive  - â€ï½“ï½”ï½ï½™â€
1370	"""Theodora's Odyssey"" [mix pour Soundwall.it / SNTLS]"
1371	Club 80s - Italo Disco Fox Session (Maxi Mix) Edit
1372	datfootdive - The City Night
1373	Demarco - Love The Gyal Dem Good - May 2014 - CashFlow Records - Dancehall
1374	Ayy Macarena [Dancehall Remix By DJ Yoko] - Tyga
1375	Yummy [Dancehall Remix By DJ Yoko] - Justin Bieber
1376	Rihanna Ft. Tiemdi - Work (Kompa Zouk Kizomba Remix) â–ˆâ–¬â–ˆ â–ˆ â–€â–ˆâ–€
1377	Dj CosS - FÃ¨ Sa Bat' Mixtape (2021)
1378	"Dancing Funeral ""Coffin Meme"" Afro,Dancehall Beat | Prod AlbaSound"
1379	Dancehall Party Mix 2020 2021 The Best of Vybz Kartel Alkaline Charly Black Aidonia Popcaan Koffee W
1380	DOTTY DIOR ALL WHITE WINTER WONDERLAND PROMO MIX - BAWL OUT WALKING TROPHY LUXURY DOLL EDITION
1381	NICKI MINAJ - MEGATRON [DANCEHALL REMIX BY DJ YOKO]
1382	Vybz Kartel ft Popcaan - We Never Fear Dem {So Bad Riddim - Young Vibez}(Oct 2011)[ALL MOL CARIBBEAN]
1383	Moombahton Mix 2021 | Guest Mix by Jerry Breedijk
1384	GYAL YOU A PARTY ANIMAL - CHARLY BLACK
1385	Vybz Kartel - Summer Time (Riddim by Adde Instrumentals)
1386	Dancehall Mix 2016, Vybz Kartel, Alkaline, Mavado, Aidonia, Popcaan & More
1387	INFINITY UK CLEAN DANCEHALL MIX November 2013
1388	Halloween Night - Dancehall Mixtape 2021 ğŸƒğŸ˜ˆğŸ‘»ğŸ’€ğŸ¦‡ğŸ•¸ï¸ğŸ”¥
1389	Popcaan - Your My Baby - Love Tri - Angle Riddim - September 2013
1390	DANCEHALL 2019 - NO WEAKNESS MIXTAPE - DJ VERSO
1391	Alkaline - Chun Chun - October 2015 [@YH_Platinum][@YardHype]
1392	GazaPriince - Sexual Seduction Dancehall Mix 2021 100% Gyal Songs [Vybz Kartel/Mavado & More]
1393	90s - 2000- Rnb Classics Hiphop -WEDDING MIX For DR #NODAMTALKING
1394	Dancehall Party Mix 2017 - 2018, Vybz Kartel, Alkaline, Mavado, Aidonia, Popcaan & More
1395	Hot Dancehall Mix || Gyal Session 2021 [RAW] DJ MILTON
1396	Dancehall Mix 2020 - Vybz Kartel, Masicka, Teejay & more (DJ Treasure)
1397	Vybz Kartel (Addi Innocent) - Tun Back Way | Raw | Sex Mate Riddim | May 2014
1398	Negus - Pretty Figure [Club Banger Riddim]
1399	Popcaan - Number One Freak (Produced by Jamie YVP)
1400	Dancehall Mix 2021 - Vybz Kartel, Popcaan, Alkaline & more - Raw As Eva Vol. 16 (Dj Foody)
1401	DANCEHALL â€˜12-â€˜14
1402	CLASSIC! Stone Love @ Bass Odyssey 23rd Anniversary, St. Annes Jamaica 10/08/2012
1403	37. Vybz Kartel - One Man
1404	Dj Daboyz -An' Tan Lontan [ Vol 1 ] Zouk RÃ©tro
1405	Vybz Kartel (Addi Innocent) - Pretty Face | Explicit | July 2014
1406	Dancehall Mix 2019 - Vybz Kartel, Popcaan, Masicka & more - Dung Deh Mix (DJ Wass)
1407	Summer BBQ Mix 2021 @DJNOREUK Afrobeats Amapiano AfroSwing Ft Rema Naira Marley Burna boy Wizkid
1408	90's Dancehall Mix - How yu ah gwaan so - Vol 1
1409	Popcaan - Everything Nice (Produced by Dubbel Dutch)
1410	Vybz Kartel|Beat Dem Bad|GO GO WINE|Shape Nice|THEN ME AND YOU|Ramping Shop|Conjugal Visit|LOODI
1411	BOOM BOOM
1412	The Great Mix 2021 Vol 2 | UK/US DRILL, TRAP, HIPHOP, R&B, AFROBEATS & DANCEHALL
1413	KING ADDIES v BASS ODYSSEY NOV 1994 - TUFF CLASH CLASSIC TAPE
1414	VYBZ KARTEL - EVER BLESSED PUM PUM - HEAD CONCUSSION ADIDJAHIEM RECORDS
1415	Dj Snake Magenta Riddim Ft. Aidonia - No Man to mi spliff  (KF Mash-up)
1416	Fall Inna Love DanceHall Mix ğŸ’›ğŸ’™
1417	Power Punch Sound - First Strike Mixtape
1418	DJ BOSSLEY SESSION DANCEHALL AU PAYS 20MINUTEs TO MAKE MY FRIENDS HAPPY  Mars 2014
1419	Vybz Kartel (Addi Innocent) - Ignite The World | Full Song | Flammable Riddim | September 2014
1420	MiX TEMPTATION S08E06 - MiNiZ - DJs Whyne x Axx (02/05/17)
1421	Sagitarr - You And Me (What Do You Mean Riddim) DJ Kaas / Ragga Ragga Sound Special
1422	Call Me By Your Name by AndrÃ© Aciman, read by Armie Hammer
1423	The Wheels On The Bus
1424	Talk Like TED audiobook excerpt - Are You Remarkable?
1425	"Audiobook: Margaret Trudeau, ""Time of Your Life,"" narrated by Colleen Winton"
1426	East of Eden by John Steinbeck, read by Richard Poe
1427	SPEAKING EFFECTIVE ENGLISH! Audiobook Excerpt
1428	Love, Rosie (Where Rainbows End), By Cecelia Ahern, Read by Amy Creighton
1429	Me Before You
1430	Letters to a Young Poet by Rainer Maria Rilke, read by Dan Stevens
1431	Anthony Robbins - Awaken The Giant Within
1432	Allan Massie - A Question of Loyalties
1433	The Big East by Dana O'Neil, Read by the Author
1434	TOMBOY by Lisa Selin Davis Read by Therese Plummer - Audiobook Excerpt
1435	The Penguin Podcast: Elizabeth Strout with Isy Suttie
1436	The Lord of the Rings: The Fellowship of the Ring by J.R.R. Tolkien, Read by Rob Inglis
1437	Yearbook by Seth Rogen, read by Seth Rogen and a full cast
1438	Ladybird: I'm Ready to Sing! (Audiobook extract)
1439	Quest 52 Student Edition by Mark E. Moore,  Read by Mark E. Moore
1440	Fierce Love by Dr. Jacqui Lewis, Read by Dr. Jacqui Lewis
1441	Unicorn Academy #5: Layla and Dancer by Julie Sykes
1442	Jill Murphy: The Worst Witch All At Sea (Audiobook extract) Read by Gemma Arterton
1443	Noel Streatfeild's Christmas Stories, read by Lucy Scott (Audiobook extract)
1444	The New York Times Book Review, Edited by Tina Jordan & Noor Qasim, Read by a Full Cast
1445	Meditation One: Mindfulness Of Body And Breath
1446	CHRISTMAS GIFTS (CHOCOLATE MINCE PIES BAKED BY MARIKA GAUCI) Ladybird Christmas Podcast Episode 1
1447	The Korean Vegan Cookbook by Joanne Lee Molinaro, read by Joanne Lee Molinaro
1448	The Whistle-Blower Complaint Released by the House Intelligence Committee, 9/26/2019
1449	Peppa Pig: Peppa Goes Camping (Audiobook Extract) read by John Sparks and various
1450	THURSDAY IS THE NEW FRIDAY by Joe Sanok | Chapter One
1451	FIVE FEET APART Audiobook Excerpt
1452	Chapter 1: Loomings - Read by Tilda Swinton - http://mobydickbigread.com
1453	En este banco (The Bench Spanish edition) - Meghan, la Duquesa de Sussex
1454	Boy by Roald Dahl, read by Dan Stevens
1455	The Halfpenny Girls at Christmas by Maggie Mason, read by Julia Franklin (Audiobook extract)
1456	Alice's Adventures In Wonderland by Lewis Carroll, Narrated by Scarlett Johansson
1457	"C L Taylor: ""Write the book that makes you cry, fall in love or scares you"""
1458	Dark Tales - What A Thought - Shirley Jackson
1459	Blue: All Rise (Lee Ryan, i)
1460	Frankenstein by Mary Shelley, Narrated by Dan Stevens
1461	Winnie-The-Pooh
1462	Lovers & Gamblers by Jackie Collins Read by India Thain - Audiobook Excerpt
1463	Bending The Arc by Keeda J. Haynes Read by Kylah Williams - Audiobook Excerpt
1464	Roald Dahl: Boy read by Dan Stevens
1465	No Quarter Given by Neil Broadfoot, read by Angus King (Audiobook extract)
1466	Quest 52 by Mark E. Moore, Read by Mark E. Moore
1467	A Burnable Book, by Bruce Holsinger, read by Tim Bruce
1468	Prince of Thorns, by Mark Lawrence, read by Joe Jameson (Audiobook extract)
1469	Roald Dahl: Going Solo (Audiobook extract) Read by Dan Stevens
1470	Nursery Tales: Six favourites read by Victoria Wood, By Jonathan Langley, Read by Victoria Wood
1471	Nostalgic (Dustin Ngo x Mademoiselle)
1472	Best of Trip-Hop & Downtemp & Lo-Fi & Nujazz
1473	Best Of Female Vocals - special edition Trip Hop Nation Friends mixed by Paul Cheeba
1474	Air (feat. Sauvane)
1475	low motion
1476	The Smoker's Lounge - Show 24 - Orbital Radio - w guest mix by Adam StrÃ¶mstedt - June 2021
1477	The Interlude - A Trip Hop Mix
1478	Trip hop mix
1479	Coccolino Deep - Charlie
1480	Listen To My Heart Beat
1481	August 24th {Pier Pressure}
1482	A Journey Through The Basement
1483	03 - Man Next Door (12/05/98)
1484	The Flower Girl
1485	Come Back
1486	Off The Radar with CosmiKonnectioN
1487	Jenova 7 & Mr. Moods - Smooth Jazz Backup
1488	Hamburg Blues
1489	Triphop mix
1490	Jenova 7 & Mr. Moods - Introspect (feat. Hugo Kant)
1491	Radiocuts - From The Box (Vol. 1)
1492	Us (feat. The Kite String Tangle)
1493	June 25th {Killing to Do}
1494	Bristol Sound: The records and stories behind Massive Attack, Portishead, Tricky and more
1495	whispers
1496	Downtempo & Trip-Hop Mix [2 Hour Mixtape]
1497	Puremusic - Unsaid (Stray Theories Remix) [Silk Sofa]
1498	Radiocuts - From The Box (Vol. 6)
1499	Radiocuts - From The Box (Vol. 2)
1500	DSNetwork 78 Eclectic Downtempo Mix
1501	Quintessence
1502	Snowy Brooklyn
1503	Fuzzy Vibes
1504	Trip Hop Mix #1
1505	"Nolwenn Leroy - ""Moonlight Shadow"""
1506	A Trick or Treater Has Been Coming to My House Every Night by Mr_Outlaw_
1507	Ken Loach: What make us Human?
1508	520 Saigon's Bui Vien Street; Spain 2018
1509	Creepypasta Survival Guide [Reboot V]
1510	Damien Rice - The Greatest Bastard (Live)
1511	Pas De Deux - Us Movie Soundtrack
1512	James Morrison - I Won't Let You Go (Acoustic)
1513	"Drake, ""I Get Lonely Too"""
1514	Hey Ocean - Make a New Dance Up
1515	Nacho Picasso - Coke Hyena
1516	Vance Joy -  'I Know Places' [Taylor Swift Cover]
1517	"Episode 468 | ""I Thought We Had Him"""
1518	Virgin 2012 Mash Up
1519	Summer Mix Series: swindail
1520	One Rainy Day in Autumn by Isaac Boissonneau
1521	My Brother died when I was a child. He kept talking. by TheEmporersFinest
1522	CHRISTINA POULITSI as The Queen of the Night
1523	"Cold Cave's ""Nausea, the Earth and Me"""
1524	IOSYS æ±æ–¹æ°·é›ªæ­Œé›† 01 ãƒãƒ«ãƒã®ãƒ‘ãƒ¼ãƒ•ã‚§ã‚¯ãƒˆã•ã‚“ã™ã†æ•™å®¤
1525	Lily Madwhip and the Other Knife That Pierces the Veil by William Dalphin (8/?) (Guest Storytime)
1526	Accounts from A Lonely Broadcast Station by Wendingus [Seasons 1 & 2]
1527	Y U NO Leave Me Alone
1528	The 52Hz whale, recorded by Bill Watkins
1529	I Bought an Old Disney Animatronic for My Haunted House by Kyle Harrison
1530	Iâ€™m a Postman That Delivers Mail for Horrifying Beasts by Icsimpson
1531	void feat. ãªãªã²ã‚‰ - ãªã®ã§ã™ï¼(è‰¦ã“ã‚Œã‚¢ãƒ¬ãƒ³ã‚¸)DEMO
1532	Walk In The Park - Beach House (World Cafe performance)
1533	Steve Allen - A Royal Play Date
1534	"""White Lies"" by Max Frost"
1535	â€œO mio babbino caroâ€ from GIANNI SCHICCHI
1536	We've moved to iTunes, Spotify, Simplecast. You may need to re-subscribe.  Thanks!
1537	Return to NoEnd by Goldc01n and Barnabas Deimos
1538	The Front Bottoms - Father (Live)
1539	"Episode 485 | ""Y'all Must Be New Here"""
1540	Alessia Cara - Here (Live on WXPN)
1541	Stupid Sexy Vacuum by Lucas Whorley
1542	538a Why I Love Berlin; Italian Coffee Bars
1543	Forever Alone vs. Overly Attached Girlfriend - Animeme Rap Battles
1544	From Hell I Write by Wes craven
1545	A.A. Milne reads from Winnie-the-Pooh, 1929
1546	Somebody Tried to Kill Me When I Was Young. A Monster Saved My Life. by Bone-Beach (2/?)
1547	The GOOGLE Algorithm Is Beginning to Scare Me by Jordan Grupe
1548	L.A. Noire â€œ(I Always Kill) The Things I Loveâ€ Claudia Brucken Featuring The Real Tuesday Weld
1549	"Christian LÃ¶ffler - ""Graal (Prologue)"" en live Ã  Paris"
1550	Four Hundred Dollars by Abhisek Basu
1551	Twin Size Mattress
1552	MAX: THEME performed by HEALTH
1553	Jan Blomqvist / Mix for FluxFM Electronic Beats On Air
1554	TiMO ODV on the #CokeTop40SA about 'I Need You'
1555	ASMR 10 Hours No Talking (Part 1)
1556	1 Hora Beautiful Piano Music   Relaxing Music Mix For Studying  Sleeping
1557	Tibetan Singing Bowl Studio Session 2 - Deep Sleep & Meditation
1558	ASMR 5 Hours No Talking Tapping Crinkle + More for Study, Sleep & Relaxation
1559	ASMR Trigger Therapy 4 - Brushing & Crinkle Binaural Sounds, Whispering, Slight Tapping
1560	ASMR 10 Hours No Talking (Part 2)
1561	Tibetan Singing Bowl Music for Healing Meditation & Sound Therapy
1562	ASMR Scratching Session 3.1 no talking
1563	ASMR Hair Cut and Brushing Sounds No Talking
1564	ASMR Trigger Therapy 9
1565	Kimberly Tilsen-Brave Heart â€” Your Audio Selfie
1566	"Anna Polonsky â€” ""Sinfonia"" from Partita No. 2 in C Minor for Solo Piano by Johann Sebastian Bach"
1567	"Johann Sebastian Bach: ""Chaconne"" from Partita in D Minor for Solo Violin - Tim Fain"
1568	Tapping ASMR Sounds 1 Hour - No Talking - ASMR Sleep
1569	Guided Meditation for Relaxation & ASMR Tibetan Singing Bowl Music
1570	Lindsay Walz â€” Your Audio Selfie
1571	ASMR Scratching Session 4 No Talking Warning Strong Sounds
1572	World Of Asmr 5 (Ear to Ear Whispering with almost Inaudible Mouth Sounds)
1573	"""Silent Night"" - Hannah Temple"
1574	Positive Affirmations for You, Relaxation & ASMR
1575	Om Muni Muni Maha Muni Shakyamuni Soha, insegnamenti di buddhismo tibetano di Lama Michel Rinpoche
1576	ASMR Touch Tapping 8.1 No Talking Tapping Ear to Ear
1577	Intense ASMR Experience - No Talking - 1 Hour
1578	ASMR Mastercrafted Inaudible Whispering
1579	Smile
1580	Who Am I?
1581	ASMR Hair Cut with Hair Brushing Sounds
1582	ASMR 20 Hours of Tapping Sounds for Sleep & Relaxation Part 2
1583	The Grace I Seek (Morning)
1584	ASMR Fabric Scratching Sounds
1585	ASMR Touch Tapping 11
1586	ASMR - Role Play Dr Dmitri Consultation for Stomach Ache
1587	No Sameness No Otherness
1588	Week 51 Day 2
1589	Magazine Page Turning Sounds (No Talking) for ASMR. Relaxation & Sleep
1590	Saraswati (SC Clip)
1591	ASMR Eating Sounds - Chips & Some Drink
1592	La NinÌƒez Y La Salud Mental En Pandemia
1593	Jaspal Maan Naal Parveen Sharma On Punjab Di Jooh Cho, Khabran Di Khabar 24 - 7-2017
1594	BreneÌ Brown â€” The Courage to Be Vulnerable
1595	Healing Our Inner Child: Pathways to Embrace Our Suffering | TWOII podcast | Episode #10
1596	Ø±ÙˆÙŠØ­Ø© Ø§Ù„Ø¬Ù†Ø© | Ø­ÙŠØ¯Ø± Ø·Ø±Ø§Ø¯Ø©
1597	ASMR Speed Tapping 2
1598	Ø§Ù„Ù„Ù‡ ÙˆÙŠÙ€Ø§Ùƒ | Ø§Ù„Ø£ÙƒØ±Ù 1438
1599	Ø£Ø°ÙƒØ§Ø± Ø§Ù„ØµØ¨Ø§Ø­
1600	Yoga Nidra  2
1601	Santo Rosario - Misterios Gloriosos (Mie-Dom)
1602	ASMR 20 Hours of Tapping Sounds for Sleep & Relaxation Part 1
1603	ASMR Crinkle Heaven 11
1604	Ø§Ù„Ù„ÙŠ ØªØºÙ„Ø¨ Ø¨ÙŠÙ‡.. Ø§Ù„Ø¹Ø¨ Ø¨ÙŠÙ‡! - Ù…ØµØ·ÙÙ‰ Ø­Ø³Ù†ÙŠ
1605	Lady Gaga Performs â€œMillion Reasonsâ€ â€“ The Howard Stern Show
1606	All Lives Matter w/ Ms Pat
1607	Tomboy
1608	Danny Lobell - Environmental Wordplay/Israeli Humpty Dumpty
1609	Episode 311 - The New King of Shorts
1610	Have Mercy
1611	MMPC 11-1-21
1612	TAMMP 11-4-21
1613	#124: Self-Discipline & Personal Effectiveness With Rory Vaden
1614	Don't Have Sex In Your Car
1615	Bubba The Love Sponge On Why He Was Working For DoorDash â€“ The Howard Stern Show
1616	003 - Confabulation
1617	Merry Christmas Mr. Lawrence
1618	Darby Stanchfield - â€œLocke & Keyâ€ and â€œStargirlâ€
1619	Stern Show - 03.11.15 - Madonna
1620	Ep. 15 Michael Stevens (Vsauce) - Ear Biscuits
1621	#175 Master In Anal
1622	Locke & Key S2E2: â€œThe Head And The Heartâ€
1623	Big Hero 6
1624	Ep. 1 Grace Helbig - Ear Biscuits
1625	125 - Ben Schwartz/The Simpsons - Homer's Barbershop Quartet
1626	TAMMP 4-18-19
1627	5 Mainstream Health Habits That Trick You Into Feeling Lousy
1628	Episode 5
1629	Bill Hicks - Dinosaurs In The Bible
1630	The Yawn
1631	Stand - Up Comedy
1632	Tough Guy and Fighting
1633	Howard and Robin weigh in on Eric the Actor's legacy
1634	Sabrina Benaim - â€œI Love You, Call Me Backâ€ (Ep 325)
1635	The road trip to chase a dream!
1636	#146: Deadly Navy SEAL Skills Every Man Should Know
1637	Ep. 5 - Mitchell Davis
1638	Tchami B2B Malaa - CRSSD Festival 2018 Promo Mix
1639	CAN YOU WIPE THIS CUM OFF THE WALL? w/MANDY STADTMILLER
1640	#340 Hawaiifi
1641	Beth Stern thankful for Billy Joel's generosity and Benjy's platform shoes make a return appearance.
1642	TS 035: Muppets and ASMR
1643	Sitcom Geeks - Episode 178 - Where In The World Is My Sitcom?
1644	Fighting
1645	Pretinho 04/01/2018 13h
1646	Avril Lavigne - I Love You Game (with Byron Cooke)
1647	Stone Clearing with Richard Herring - Chapter 103
1648	1,000 Hours
1649	#027: Houston, We Have A Problem - Part 1
1650	DE CAPUA -- DESERTIFICATION CHINA SUMMIT  9 - 8-17
1651	DE CAPUA -- POST EBOLA SYNDROME  8 - 24 - 17
1652	Live with Liz Truss
1653	Ğ£ĞºÑ€Ğ°Ñ—Ğ½ÑÑŒĞºĞ° Ğ±ĞµĞ· Ğ¼ĞµĞ¶ #169 TAYANNA â€” Â«Ğ–Ñ–Ğ½Ğ¾Ñ‡Ğ° ÑĞ¸Ğ»Ğ°Â»
1654	HIV Remission July20
1655	Why are Australians avoiding the news? - Australian politics live podcast
1656	Vance Joy - Fire And The Flood
1657	Sacred War / Svyashennaya Voyna / Ğ¡Ğ²ÑÑ‰ĞµĞ½Ğ½Ğ°Ñ Ğ²Ğ¾Ğ¹Ğ½Ğ°
1658	Why did the polls fail and how can they change? â€“ Australian politics live podcast
1659	BBC interview with eyewitness inside Dubai fire building
1660	Borns - American Money
1661	The Caucasus Conflict and Global Trends - Andrei Martyanov, #435
1662	ĞĞµ Ñ‚Ğ°Ğº ÑÑ‚Ñ€Ğ°ÑˆĞ½Ğ¾ Ğ±ÑƒÑ‚Ğ¸ Ğ°Ğ½Ğ°Ğ»Ñ–Ñ‚Ğ¸ĞºĞ¾Ğ¼ Ñ‚Ğ° ĞºÑ€Ğ¸Ñ‚Ğ¸Ñ‡Ğ½Ğ¾ Ğ¼Ğ¸ÑĞ»Ğ¸Ñ‚Ğ¸: Ñ€Ğ¾Ğ·Ğ¼Ğ¾Ğ²Ğ° Ğ· Ğ¿Ğ¾Ğ»Ñ–Ñ‚Ğ¾Ğ»Ğ¾Ğ³Ğ¸Ğ½ĞµÑ ĞšĞ°Ñ‚ĞµÑ€Ğ¸Ğ½Ğ¾Ñ Ğ—Ğ°Ñ€ĞµĞ¼Ğ±Ğ¾
1663	ã€ŠçŸ³æ¶›.Radio ã€‹ äººç”Ÿæ„Ÿæ‚Ÿï¼šæˆåŠŸ---æ²¡æœ‰æˆ‘ä»¬æƒ³è±¡çš„é‚£ä¹ˆé‡è¦ï¼ï¼ˆ2013/12/18ï¼‰
1664	Someone Knows Something theme song
1665	Jeff Santos - Commentary & Calls - Mar-25-2018
1666	Passenger - To Be Free
1667	Lake Street Dive - Mistakes
1668	Farewell Slavianka / Proshanie Slavyanki / ĞŸÑ€Ğ¾Ñ‰Ğ°Ğ½Ğ¸Ğµ ÑĞ»Ğ°Ğ²ÑĞ½ĞºĞ¸
1669	Jamie Dupree
1670	Cheo Gallego presenta 'El Anciano y el NiÃ±o'
1671	Rishi Kapoor : 4 Septembre 1952 â€“ 30 Avril 2020
1672	Unorthodox, Episode 45: Just The Two of Us
1673	The Big Picture: Social media sting: Anything you post can be used against you
1674	Houndmouth - Sedona
1675	Anderson East - All On My Mind
1676	The Saddlemaker, the Schindler, and the Miller of Wlodowa
1677	â€œAmerican Pie,â€ Don McLean  (1971)- Courtesy: Library of Congress
1678	Ana RoquÃ© de Duprey (As Told by Secretary of State Science and Tech Advisor Frances A. ColÃ³n)
1679	Jack Garratt - Weathered
1680	Maino Ft. T - Pain - All The Above, Atlantic Records 2009
1681	Irish women tweet periods to Enda Kenny
1682	Sports news minute: DraftKings Offer
1683	10:04 am - Sea level rise threatens Florida military installations, study finds
1684	ChÆ°Æ¡ng trÃ¬nh phÃ¡t thanh tá»‘i 30/9/2019
1685	We're no longer on SoundCloud
1686	Happy New Year
1687	63 â€“ Coal Miner
1688	Please Be With My Face
1689	Sex and sounds (nÂ°1) : Premiers soupirs
1690	62 â€“ American Unrest: Immigration Ban Protest 1/28/17
1691	McDrafty's Last Ride
1692	Desegregation of US schools - 1960
1693	With Great Power
1694	Youssoupha (NGRTD) sur le mike
1695	Where Have You Been?
1696	99% Invisible-71- In and Out of LOVE
1697	People Made This
1698	Le loup-garou
1699	Memory and Forgetting
1700	Un chanvre Ã  soi
1701	Tous les garÃ§ons et les filles
1702	Corona Virus Healh Tips In Kreyol And English, 88.5 Radio Tete a Tete
1703	Gloomy Sunday
1704	20th Century China: Episode 35
1705	Amy Cuddy: Passing As Myself
1706	Beatmakers S2 (10/10) : Don Nodey pour 25G et Seth Gueko
1707	Sex and sounds (nÂ°18) : Aouch
1708	FranÃ§ois garde confiance
1709	99% Invisible-134- The Straight Line Is A Godless Line
1710	Radiolab Valentine: Carl Sagan and Ann Druyan
1711	Windy Winter Solstice - Lakefield National Park, Cape York
1712	Cassowary - Casuarius casuarius (Dad and Chicks)
1713	Dawn chorus Australia - Free download
1714	Bernard Lee Singleton - Soundscape for London Performance
1715	Dark Matter, with Natalia Reagan and Astro Katie
1716	Southern Cassowary - Casuarius Casuarius
1717	EnLIGHTenment - Ocean and Earth
1718	High Flying
1719	Golden Record: Vietnamese Greeting
1720	Red Giant Star 74 Draconis Pulsation
1721	Rainforest sounds near Mission Beach, Queensland
1722	Golden Record: Amoy (Min Dialect)Greeting
1723	Pacific Rainforest - Vanuatu - Album sample
1724	Nature Sounds
1725	'Cloudforest - Malaysia' - Album sample
1726	First Audio Recording of Sounds on Mars
1727	A Singing Comet
1728	Australian Lace-lid - Litoria Dayi
1729	Sun Sonification
1730	Extended Classic: â€œAre You Out of Your Mind?â€ with Oliver Sacks
1731	Cat's Eye Nebula Sonification
1732	Voyager 1: Plasma Waves of the Bow Shock of Jupiter
1733	Voyager: Lightning on Jupiter
1734	The Last Wild Island, Tetepare - Album sample
1735	Planck Sounds Of The Ancient Universe
1736	Sounds From Mars: Filters Out Rover Self-Noise
1737	M51 X-ray Sonification
1738	Sounds Of Europas Plasma Waves E6a 80kHz
1739	'Birch Wood' - album sample
1740	Solomon Islands - Morning chorus
1741	enLIGHTenment - Cairns Festival 2015
1742	Beaver Moans
1743	Juno: Jupiterâ€™s Auroras
1744	Apollo 11: That's One Small Step for (a) Man
1745	Azure Kingfisher - Ceyx azureus
1746	'Native Birdsong of New Zealand' - Album sample
1747	M51 Ultraviolet Sonification
1748	After the Storm
1749	The Science Friday Theme Song That Got Lost In The Mail
1750	Sounds of Perseverance Mars Rover Driving â€“ Sol 16 (16 minutes)
1751	Golden Record: Wu Greeting
1752	Gateway to Partnerships
1753	Sounds Of Ganymede Plasma Waves Gll G1
1754	Chandra Deep Field Sonification
1755	A night in the North Queensland mangroves
1756	Chirping froglet - Crinia deserticola and Wandering Whistling-Duck - Dendrocygna arcuata
1757	Chandra X-ray Observatory: Cassiopeia A, Iron
1758	Chandra X-ray Observatory: Cassiopeia A, Silicon
1759	Sonification of a Hubble Deep Space Image
1760	Looking Back At Science Fridayâ€™s Thirty Years
1761	Twenty Percent
1762	Sonik - Waste No Time
1763	Tigrayans turn the tables: Ethiopiaâ€™s war
1764	188: Best of Risk Management, Pt. 1
1765	The Economist Asks: Brian Cox
1766	Covering the ground: trees and COP26
1767	Money Talks: Yield curveball
1768	Editorâ€™s Picks: November 1st 2021
1769	Winter is coming: Afghanistanâ€™s humanitarian crisis
1770	187: My First Year Trading Full-Time: Stock Scalper, Josh Evans
1771	BP Business 37: Choosing the Right Nicheâ€”Follow a Business Startup Journey From Day 1 with J Scott
1772	Babbage: The colour of health
1773	Courage Over Fear(feat Les Brown)
1774	Dream on: Biden and social mobility
1775	Editorâ€™s Picks: October 25th 2021
1776	Control the past: rewriting Chinese history
1777	How neurodiverse lawyers can thrive in the professionâ€“and change it for the better
1778	Checks and Balance: Left behind
1779	The Floyd factor: American police reform
1780	To a Lesser Degree: COP26 kicks off
1781	065: How to master trading psychology, and introduce new best practises w/ Brett Steenbarger
1782	189: Best of Risk Management, Pt. 2
1783	Power failure: South Africaâ€™s ANC stumbles
1784	Dr. John Gray - How To Stay Focused & Productive In A Hyper World
1785	Money Talks: Is the future non-fungible?
1786	This Morning with Gordon Deal November 09, 2021
1787	Cool heads needed: COP26 begins
1788	Simon Sinek, Your Why Vs The Company's Why & Always Being Yourself | #AskGaryVee Episode 226
1789	Banks note: the Jackson Hole meeting
1790	John Assaraf - How To Re-Train Your Brain
1791	More than just a game: Video games are behind the latest fad in management
1792	Checks and Balance: Right mind
1793	How Mariah Carey Built â€˜All I Want for Christmas Is Youâ€™ Into a Holiday Juggernaut
1794	Editorâ€™s Picks: November 8th 2021
1795	Premier League Anthem
1796	All Day and All of the Night - The Kinks
1797	Americarnage #215: The Game of the Dick-Punch
1798	Apashe: Battle Royale (Haters Instrumental VIP)
1799	Aldo Juliano, Steve Mowry, and Sean McCorkle | MMA Roasted #683
1800	1000th Bundesliga win! No chance for KÃ¶ln in milestone victory
1801	The Home Room - Episode 1
1802	Ep 2171: Manchester United 0-5 Liverpool, Neville's Defence, Conte's Candidacy - 25/10/21
1803	Kieran Tierney - MAGNIFIQUE jingle
1804	"""It's a great day"" - Ian Wright/Arsecast Extra"
1805	Gol - Flamengo 0x1 GrÃªmio (Campeonato Brasileiro 2021) - GrÃªmio RÃ¡dio Umbro 90,3FM
1806	U24 USA Mixed Ass't Coach Lauren Boyle At West Coast Tryouts
1807	Corvette C8.R Sound Revealed
1808	Neosignal - Sequenz (Jan Driver Remix) [adidas Edit]
1809	The Fear is Real
1810	26. Spieltag: Hertha BSC - BVB, 2:3 Reus
1811	Barclays Premier League Podcast, Episode 37
1812	It's the history of the Tottenham
1813	Ep 2176: Nuno Out, Conte Hovers, Ole Clips Wings, Mighty Rovers, Pat Kenny Meets Mary Jane
1814	01 Male Vocal 1
1815	Northern Lights - Alex Wallbank
1816	In Session Audio World Percussion Creator
1817	Detroit: Become Human â€” Kara Main Theme By Philip Sheppard
1818	Official PlayStation Podcast Episode 415: Little Devil In The Details
1819	a16z Podcast: Security's Painful Prominence and Why There is No Turning Back -- with Marc Andreessen
1820	Detroit: Become Human â€” Markus Main Theme By John Paesano
1821	02 Male Vocal 2
1822	Detroit: Become Human â€” Connor Main Theme By Nima Fakhrara
1823	Transistor - We All Become
1824	Ghost of Tsushima OST preview: Tsushima Suite â€“III. Bushido (æ­¦å£«é“) â€” composed by Shigeru Umebayashi
1825	02 GLD Electronic Textures - _The Landing_
1826	Bloodborne: Cleric Beast
1827	Official PlayStation Podcast Episode 384: Game Of The NieR
1828	a16z Podcast: Blockchain vs/and Bitcoin
1829	Official PlayStation Podcast Episode 394: Crash Landing
1830	242. More iPhone and iOS Stuff
1831	Necessity, Innovation & Rapid Launches with Cambria Davies (Product Manager at Ro)
1832	Cubase Pro 11 Multiband Mastering Audio Example 02
1833	Podquisition Episode 91: The Crab Ones Are Always Jackasses
1834	Breaching The Veil
1835	Official PlayStation Podcast Episode 414: Far Shores
1836	Shovel Knight on PlayStation: Kratos Battle Clip
